#
# There is insufficient memory for the Java Runtime Environment to continue.
# Native memory allocation (malloc) failed to allocate 1484400 bytes for Chunk::new
# Possible reasons:
#   The system is out of physical RAM or swap space
#   The process is running with CompressedOops enabled, and the Java Heap may be blocking the growth of the native heap
# Possible solutions:
#   Reduce memory load on the system
#   Increase physical memory or swap space
#   Check if swap backing store is full
#   Decrease Java heap size (-Xmx/-Xms)
#   Decrease number of Java threads
#   Decrease Java thread stack sizes (-Xss)
#   Set larger code cache with -XX:ReservedCodeCacheSize=
#   JVM is running with Unscaled Compressed Oops mode in which the Java heap is
#     placed in the first 4GB address space. The Java Heap base address is the
#     maximum limit for the native heap growth. Please use -XX:HeapBaseMinAddress
#     to set the Java Heap base and to place the Java Heap above 4GB virtual address.
# This output file may be truncated or incomplete.
#
#  Out of Memory Error (arena.cpp:168), pid=26856, tid=11848
#
# JRE version: Java(TM) SE Runtime Environment (21.0.11+9) (build 21.0.11+9-LTS-211)
# Java VM: Java HotSpot(TM) 64-Bit Server VM (21.0.11+9-LTS-211, mixed mode, sharing, tiered, compressed oops, compressed class ptrs, g1 gc, windows-amd64)
# No core dump will be written. Minidumps are not enabled by default on client versions of Windows
#

---------------  S U M M A R Y ------------

Command Line: -XX:MaxMetaspaceSize=512m --add-opens=java.base/java.util=ALL-UNNAMED --add-opens=java.base/java.lang=ALL-UNNAMED --add-opens=java.base/java.lang.invoke=ALL-UNNAMED --add-opens=java.prefs/java.util.prefs=ALL-UNNAMED --add-exports=jdk.compiler/com.sun.tools.javac.api=ALL-UNNAMED --add-exports=jdk.compiler/com.sun.tools.javac.util=ALL-UNNAMED --add-opens=java.base/java.nio.charset=ALL-UNNAMED --add-opens=java.base/java.net=ALL-UNNAMED --add-opens=java.base/java.util.concurrent.atomic=ALL-UNNAMED -Xmx2048m -Dfile.encoding=UTF-8 -Duser.country=BR -Duser.language=pt -Duser.variant -javaagent:C:\Users\Bruno\.gradle\wrapper\dists\gradle-8.10.2-all\7iv73wktx1xtkvlq19urqw1wm\gradle-8.10.2\lib\agents\gradle-instrumentation-agent-8.10.2.jar org.gradle.launcher.daemon.bootstrap.GradleDaemon 8.10.2

Host: Intel(R) Core(TM) i5-10400F CPU @ 2.90GHz, 12 cores, 15G,  Windows 11 , 64 bit Build 26100 (10.0.26100.8875)
Time: Fri Jul 31 21:49:10 2026 Hora oficial do Brasil elapsed time: 539.434479 seconds (0d 0h 8m 59s)

---------------  T H R E A D  ---------------

Current thread (0x000001fec890ccf0):  JavaThread "C2 CompilerThread0" daemon [_thread_in_native, id=11848, stack(0x000000babf100000,0x000000babf200000) (1024K)]


Current CompileTask:
C2: 539439 43890       4       org.gradle.internal.fingerprint.classpath.impl.ClasspathFingerprintingStrategy$ClasspathFingerprintingVisitor$1::visitRegularFile (132 bytes)

Stack: [0x000000babf100000,0x000000babf200000]
Native frames: (J=compiled Java code, j=interpreted, Vv=VM code, C=native code)
V  [jvm.dll+0x6d0ef9]
V  [jvm.dll+0x860126]
V  [jvm.dll+0x86261e]
V  [jvm.dll+0x862cf3]
V  [jvm.dll+0x282bc6]
V  [jvm.dll+0xc67ad]
V  [jvm.dll+0xc6cf1]
V  [jvm.dll+0x3bbeab]
V  [jvm.dll+0x388322]
V  [jvm.dll+0x38776a]
V  [jvm.dll+0x24b520]
V  [jvm.dll+0x24aaff]
V  [jvm.dll+0x1cae7e]
V  [jvm.dll+0x25a7d9]
V  [jvm.dll+0x258d65]
V  [jvm.dll+0x3f50d1]
V  [jvm.dll+0x80ac0d]
V  [jvm.dll+0x6cf79d]
C  [ucrtbase.dll+0x2cd30]
C  [KERNEL32.DLL+0x2e957]
C  [ntdll.dll+0xaad6c]


---------------  P R O C E S S  ---------------

Threads class SMR info:
_java_thread_list=0x000001feea52abf0, length=73, elements={
0x000001fea9808f00, 0x000001fec88f2380, 0x000001fec88f5b10, 0x000001fec88f99c0,
0x000001fec88fa780, 0x000001fec88fe840, 0x000001fec88fefe0, 0x000001fec890ccf0,
0x000001fec89116c0, 0x000001fec8b1f380, 0x000001fec8c99410, 0x000001fee9697fd0,
0x000001fee96ab400, 0x000001fee95b9a80, 0x000001fee9806ef0, 0x000001fee9803ec0,
0x000001fee99db4c0, 0x000001fee9a256a0, 0x000001fee9a25d30, 0x000001fee9a242f0,
0x000001fee9a263c0, 0x000001fee9a24980, 0x000001fee9a25010, 0x000001fee9a26a50,
0x000001fee9a23c60, 0x000001feec7671f0, 0x000001feec766b60, 0x000001feec767880,
0x000001feec767f10, 0x000001feec7685a0, 0x000001feec765120, 0x000001feec7657b0,
0x000001feec7664d0, 0x000001feeb558b20, 0x000001feec79dbf0, 0x000001feec79e280,
0x000001feec79d560, 0x000001feecd97e90, 0x000001feed59d7a0, 0x000001feed59e4c0,
0x000001feed59de30, 0x000001feed59d110, 0x000001fefe43b460, 0x000001fefe439390,
0x000001fefe43a740, 0x000001fefd2a47e0, 0x000001feeb6ef600, 0x000001feecd96450,
0x000001fefeed8240, 0x000001feff090800, 0x000001feeb5591b0, 0x000001fefd2a5500,
0x000001fefec03840, 0x000001fefeed95f0, 0x000001feff2e6870, 0x000001feedb271f0,
0x000001feedb27880, 0x000001feeb559840, 0x000001fefd764c20, 0x000001fefe867880,
0x000001feeccd2180, 0x000001fefd2a6f40, 0x000001fefd2a4e70, 0x000001feff2e8fd0,
0x000001feeeb979e0, 0x000001feeeb98700, 0x000001fefd2a75d0, 0x000001fefe7c17b0,
0x000001fefec02490, 0x000001fefd2a7c60, 0x000001feed7da940, 0x000001feff9ba320,
0x000001feff9ba9f0
}

Java Threads: ( => current thread )
  0x000001fea9808f00 JavaThread "main"                              [_thread_blocked, id=30848, stack(0x000000babe300000,0x000000babe400000) (1024K)]
  0x000001fec88f2380 JavaThread "Reference Handler"          daemon [_thread_blocked, id=18468, stack(0x000000babeb00000,0x000000babec00000) (1024K)]
  0x000001fec88f5b10 JavaThread "Finalizer"                  daemon [_thread_blocked, id=21468, stack(0x000000babec00000,0x000000babed00000) (1024K)]
  0x000001fec88f99c0 JavaThread "Signal Dispatcher"          daemon [_thread_blocked, id=1036, stack(0x000000babed00000,0x000000babee00000) (1024K)]
  0x000001fec88fa780 JavaThread "Attach Listener"            daemon [_thread_blocked, id=23588, stack(0x000000babee00000,0x000000babef00000) (1024K)]
  0x000001fec88fe840 JavaThread "Service Thread"             daemon [_thread_blocked, id=32664, stack(0x000000babef00000,0x000000babf000000) (1024K)]
  0x000001fec88fefe0 JavaThread "Monitor Deflation Thread"   daemon [_thread_blocked, id=15772, stack(0x000000babf000000,0x000000babf100000) (1024K)]
=>0x000001fec890ccf0 JavaThread "C2 CompilerThread0"         daemon [_thread_in_native, id=11848, stack(0x000000babf100000,0x000000babf200000) (1024K)]
  0x000001fec89116c0 JavaThread "C1 CompilerThread0"         daemon [_thread_blocked, id=31836, stack(0x000000babf200000,0x000000babf300000) (1024K)]
  0x000001fec8b1f380 JavaThread "Common-Cleaner"             daemon [_thread_blocked, id=32124, stack(0x000000babf300000,0x000000babf400000) (1024K)]
  0x000001fec8c99410 JavaThread "Notification Thread"        daemon [_thread_blocked, id=7236, stack(0x000000babf400000,0x000000babf500000) (1024K)]
  0x000001fee9697fd0 JavaThread "Daemon health stats"               [_thread_blocked, id=252, stack(0x000000babfe00000,0x000000babff00000) (1024K)]
  0x000001fee96ab400 JavaThread "Incoming local TCP Connector on port 55620"        [_thread_in_native, id=7508, stack(0x000000babff00000,0x000000bac0000000) (1024K)]
  0x000001fee95b9a80 JavaThread "Daemon periodic checks"            [_thread_blocked, id=32720, stack(0x000000bac0000000,0x000000bac0100000) (1024K)]
  0x000001fee9806ef0 JavaThread "Daemon"                            [_thread_blocked, id=5100, stack(0x000000bac0100000,0x000000bac0200000) (1024K)]
  0x000001fee9803ec0 JavaThread "Handler for socket connection from /127.0.0.1:55620 to /127.0.0.1:55621"        [_thread_in_native, id=19860, stack(0x000000bac0200000,0x000000bac0300000) (1024K)]
  0x000001fee99db4c0 JavaThread "Cancel handler"                    [_thread_blocked, id=11052, stack(0x000000bac0300000,0x000000bac0400000) (1024K)]
  0x000001fee9a256a0 JavaThread "Daemon worker"                     [_thread_blocked, id=17648, stack(0x000000bac0400000,0x000000bac0500000) (1024K)]
  0x000001fee9a25d30 JavaThread "Asynchronous log dispatcher for DefaultDaemonConnection: socket connection from /127.0.0.1:55620 to /127.0.0.1:55621"        [_thread_blocked, id=11104, stack(0x000000bac0500000,0x000000bac0600000) (1024K)]
  0x000001fee9a242f0 JavaThread "Stdin handler"                     [_thread_blocked, id=31632, stack(0x000000bac0600000,0x000000bac0700000) (1024K)]
  0x000001fee9a263c0 JavaThread "Daemon client event forwarder"        [_thread_blocked, id=23272, stack(0x000000bac0700000,0x000000bac0800000) (1024K)]
  0x000001fee9a24980 JavaThread "Cache worker for journal cache (C:\Users\Bruno\.gradle\caches\journal-1)"        [_thread_in_native, id=28708, stack(0x000000bac0800000,0x000000bac0900000) (1024K)]
  0x000001fee9a25010 JavaThread "File lock request listener"        [_thread_in_native, id=12256, stack(0x000000bac0900000,0x000000bac0a00000) (1024K)]
  0x000001fee9a26a50 JavaThread "Cache worker for file hash cache (C:\Users\Bruno\.gradle\caches\8.10.2\fileHashes)"        [_thread_blocked, id=28480, stack(0x000000bac0a00000,0x000000bac0b00000) (1024K)]
  0x000001fee9a23c60 JavaThread "Cache worker for file hash cache (C:\Users\Bruno\Documents\projetos\project-tvtime\mobile\android\.gradle\8.10.2\fileHashes)"        [_thread_blocked, id=24924, stack(0x000000bac0f00000,0x000000bac1000000) (1024K)]
  0x000001feec7671f0 JavaThread "Cache worker for Build Output Cleanup Cache (C:\Users\Bruno\Documents\projetos\project-tvtime\mobile\android\.gradle\buildOutputCleanup)"        [_thread_blocked, id=23232, stack(0x000000bac1000000,0x000000bac1100000) (1024K)]
  0x000001feec766b60 JavaThread "File watcher server"        daemon [_thread_in_native, id=30116, stack(0x000000bac1100000,0x000000bac1200000) (1024K)]
  0x000001feec767880 JavaThread "File watcher consumer"      daemon [_thread_blocked, id=4392, stack(0x000000bac1200000,0x000000bac1300000) (1024K)]
  0x000001feec767f10 JavaThread "Cache worker for checksums cache (C:\Users\Bruno\Documents\projetos\project-tvtime\mobile\android\.gradle\8.10.2\checksums)"        [_thread_blocked, id=14360, stack(0x000000bac1300000,0x000000bac1400000) (1024K)]
  0x000001feec7685a0 JavaThread "Cache worker for file content cache (C:\Users\Bruno\.gradle\caches\8.10.2\fileContent)"        [_thread_blocked, id=16492, stack(0x000000bac1400000,0x000000bac1500000) (1024K)]
  0x000001feec765120 JavaThread "Cache worker for cache directory md-rule (C:\Users\Bruno\.gradle\caches\8.10.2\md-rule)"        [_thread_blocked, id=8988, stack(0x000000bac1500000,0x000000bac1600000) (1024K)]
  0x000001feec7657b0 JavaThread "Cache worker for cache directory md-supplier (C:\Users\Bruno\.gradle\caches\8.10.2\md-supplier)"        [_thread_blocked, id=732, stack(0x000000bac1600000,0x000000bac1700000) (1024K)]
  0x000001feec7664d0 JavaThread "jar transforms"                    [_thread_blocked, id=31648, stack(0x000000bac1700000,0x000000bac1800000) (1024K)]
  0x000001feeb558b20 JavaThread "Cache worker for Build Output Cleanup Cache (C:\Users\Bruno\Documents\projetos\project-tvtime\mobile\node_modules\@react-native\gradle-plugin\.gradle\buildOutputCleanup)"        [_thread_blocked, id=15828, stack(0x000000bac1800000,0x000000bac1900000) (1024K)]
  0x000001feec79dbf0 JavaThread "Unconstrained build operations"        [_thread_blocked, id=21680, stack(0x000000bac1900000,0x000000bac1a00000) (1024K)]
  0x000001feec79e280 JavaThread "Unconstrained build operations Thread 2"        [_thread_blocked, id=11900, stack(0x000000babf500000,0x000000babf600000) (1024K)]
  0x000001feec79d560 JavaThread "Unconstrained build operations Thread 3"        [_thread_blocked, id=23920, stack(0x000000bac1a00000,0x000000bac1b00000) (1024K)]
  0x000001feecd97e90 JavaThread "Kotlin DSL Writer"                 [_thread_blocked, id=30648, stack(0x000000bac1b00000,0x000000bac1c00000) (1024K)]
  0x000001feed59d7a0 JavaThread "Unconstrained build operations Thread 4"        [_thread_blocked, id=29276, stack(0x000000bac1d00000,0x000000bac1e00000) (1024K)]
  0x000001feed59e4c0 JavaThread "Unconstrained build operations Thread 5"        [_thread_blocked, id=6828, stack(0x000000bac1e00000,0x000000bac1f00000) (1024K)]
  0x000001feed59de30 JavaThread "Unconstrained build operations Thread 6"        [_thread_blocked, id=30724, stack(0x000000bac1f00000,0x000000bac2000000) (1024K)]
  0x000001feed59d110 JavaThread "Unconstrained build operations Thread 7"        [_thread_blocked, id=32360, stack(0x000000bac2000000,0x000000bac2100000) (1024K)]
  0x000001fefe43b460 JavaThread "Unconstrained build operations Thread 8"        [_thread_blocked, id=30776, stack(0x000000bac1c00000,0x000000bac1d00000) (1024K)]
  0x000001fefe439390 JavaThread "Unconstrained build operations Thread 9"        [_thread_blocked, id=31240, stack(0x000000bac2100000,0x000000bac2200000) (1024K)]
  0x000001fefe43a740 JavaThread "Unconstrained build operations Thread 10"        [_thread_blocked, id=8204, stack(0x000000bac2200000,0x000000bac2300000) (1024K)]
  0x000001fefd2a47e0 JavaThread "Memory manager"                    [_thread_blocked, id=16612, stack(0x000000bac2300000,0x000000bac2400000) (1024K)]
  0x000001feeb6ef600 JavaThread "build event listener"              [_thread_blocked, id=11056, stack(0x000000bac2600000,0x000000bac2700000) (1024K)]
  0x000001feecd96450 JavaThread "ForkJoinPool.commonPool-worker-2" daemon [_thread_blocked, id=14860, stack(0x000000babe200000,0x000000babe300000) (1024K)]
  0x000001fefeed8240 JavaThread "ForkJoinPool.commonPool-worker-4" daemon [_thread_blocked, id=32276, stack(0x000000bac2900000,0x000000bac2a00000) (1024K)]
  0x000001feff090800 JavaThread "ForkJoinPool.commonPool-worker-8" daemon [_thread_blocked, id=30856, stack(0x000000bac2d00000,0x000000bac2e00000) (1024K)]
  0x000001feeb5591b0 JavaThread "ForkJoinPool.commonPool-worker-9" daemon [_thread_blocked, id=22396, stack(0x000000bac2e00000,0x000000bac2f00000) (1024K)]
  0x000001fefd2a5500 JavaThread "ForkJoinPool.commonPool-worker-10" daemon [_thread_blocked, id=29896, stack(0x000000bac2f00000,0x000000bac3000000) (1024K)]
  0x000001fefec03840 JavaThread "ForkJoinPool.commonPool-worker-11" daemon [_thread_blocked, id=32760, stack(0x000000bac3000000,0x000000bac3100000) (1024K)]
  0x000001fefeed95f0 JavaThread "Cache worker for execution history cache (C:\Users\Bruno\Documents\projetos\project-tvtime\mobile\node_modules\@react-native\gradle-plugin\.gradle\8.10.2\executionHistory)"        [_thread_blocked, id=29740, stack(0x000000bac3400000,0x000000bac3500000) (1024K)]
  0x000001feff2e6870 JavaThread "jar transforms Thread 2"           [_thread_blocked, id=27068, stack(0x000000bac3700000,0x000000bac3800000) (1024K)]
  0x000001feedb271f0 JavaThread "jar transforms Thread 3"           [_thread_blocked, id=19396, stack(0x000000bac3800000,0x000000bac3900000) (1024K)]
  0x000001feedb27880 JavaThread "jar transforms Thread 4"           [_thread_blocked, id=29724, stack(0x000000bac3900000,0x000000bac3a00000) (1024K)]
  0x000001feeb559840 JavaThread "jar transforms Thread 5"           [_thread_blocked, id=28400, stack(0x000000bac3a00000,0x000000bac3b00000) (1024K)]
  0x000001fefd764c20 JavaThread "jar transforms Thread 6"           [_thread_blocked, id=20652, stack(0x000000bac3b00000,0x000000bac3c00000) (1024K)]
  0x000001fefe867880 JavaThread "jar transforms Thread 7"           [_thread_blocked, id=24064, stack(0x000000bac3600000,0x000000bac3700000) (1024K)]
  0x000001feeccd2180 JavaThread "jar transforms Thread 8"           [_thread_blocked, id=32632, stack(0x000000bac2500000,0x000000bac2600000) (1024K)]
  0x000001fefd2a6f40 JavaThread "jar transforms Thread 9"           [_thread_blocked, id=31380, stack(0x000000bac3200000,0x000000bac3300000) (1024K)]
  0x000001fefd2a4e70 JavaThread "jar transforms Thread 10"          [_thread_blocked, id=11532, stack(0x000000bac3300000,0x000000bac3400000) (1024K)]
  0x000001feff2e8fd0 JavaThread "build event listener"              [_thread_blocked, id=26416, stack(0x000000bac3100000,0x000000bac3200000) (1024K)]
  0x000001feeeb979e0 JavaThread "jar transforms Thread 11"          [_thread_blocked, id=12408, stack(0x000000babe000000,0x000000babe100000) (1024K)]
  0x000001feeeb98700 JavaThread "jar transforms Thread 12"          [_thread_blocked, id=28224, stack(0x000000bac3500000,0x000000bac3600000) (1024K)]
  0x000001fefd2a75d0 JavaThread "ForkJoinPool.commonPool-worker-12" daemon [_thread_blocked, id=30768, stack(0x000000babe100000,0x000000babe200000) (1024K)]
  0x000001fefe7c17b0 JavaThread "ForkJoinPool.commonPool-worker-14" daemon [_thread_blocked, id=30488, stack(0x000000bac2a00000,0x000000bac2b00000) (1024K)]
  0x000001fefec02490 JavaThread "ForkJoinPool.commonPool-worker-13" daemon [_thread_blocked, id=31896, stack(0x000000bac2b00000,0x000000bac2c00000) (1024K)]
  0x000001fefd2a7c60 JavaThread "included builds Thread 2"          [_thread_in_native, id=29848, stack(0x000000bac2400000,0x000000bac2500000) (1024K)]
  0x000001feed7da940 JavaThread "Cache worker for execution history cache (C:\Users\Bruno\Documents\projetos\project-tvtime\mobile\android\.gradle\8.10.2\executionHistory)"        [_thread_blocked, id=32232, stack(0x000000bac2700000,0x000000bac2800000) (1024K)]
  0x000001feff9ba320 JavaThread "C2 CompilerThread1"         daemon [_thread_blocked, id=21112, stack(0x000000bac2800000,0x000000bac2900000) (1024K)]
  0x000001feff9ba9f0 JavaThread "C2 CompilerThread2"         daemon [_thread_blocked, id=8288, stack(0x000000bac2c00000,0x000000bac2d00000) (1024K)]
Total: 73

Other Threads:
  0x000001fec88d68d0 VMThread "VM Thread"                           [id=24948, stack(0x000000babea00000,0x000000babeb00000) (1024K)]
  0x000001fec88c9480 WatcherThread "VM Periodic Task Thread"        [id=4092, stack(0x000000babe900000,0x000000babea00000) (1024K)]
  0x000001feabae6a00 WorkerThread "GC Thread#0"                     [id=32144, stack(0x000000babe400000,0x000000babe500000) (1024K)]
  0x000001fee80a9960 WorkerThread "GC Thread#1"                     [id=21048, stack(0x000000babf600000,0x000000babf700000) (1024K)]
  0x000001fee8584af0 WorkerThread "GC Thread#2"                     [id=12380, stack(0x000000babf700000,0x000000babf800000) (1024K)]
  0x000001fee8306a10 WorkerThread "GC Thread#3"                     [id=3532, stack(0x000000babf800000,0x000000babf900000) (1024K)]
  0x000001fec8cde730 WorkerThread "GC Thread#4"                     [id=32376, stack(0x000000babf900000,0x000000babfa00000) (1024K)]
  0x000001fec8cdeae0 WorkerThread "GC Thread#5"                     [id=19908, stack(0x000000babfa00000,0x000000babfb00000) (1024K)]
  0x000001fee97672b0 WorkerThread "GC Thread#6"                     [id=26808, stack(0x000000babfb00000,0x000000babfc00000) (1024K)]
  0x000001fee8bfcc30 WorkerThread "GC Thread#7"                     [id=4772, stack(0x000000babfc00000,0x000000babfd00000) (1024K)]
  0x000001fee8bfcfe0 WorkerThread "GC Thread#8"                     [id=31468, stack(0x000000babfd00000,0x000000babfe00000) (1024K)]
  0x000001fee9c8ab80 WorkerThread "GC Thread#9"                     [id=2360, stack(0x000000bac0c00000,0x000000bac0d00000) (1024K)]
  0x000001feabaf8780 ConcurrentGCThread "G1 Main Marker"            [id=7240, stack(0x000000babe500000,0x000000babe600000) (1024K)]
  0x000001feabafa950 WorkerThread "G1 Conc#0"                       [id=26428, stack(0x000000babe600000,0x000000babe700000) (1024K)]
  0x000001fee9c8d410 WorkerThread "G1 Conc#1"                       [id=31224, stack(0x000000bac0d00000,0x000000bac0e00000) (1024K)]
  0x000001fee9c8af30 WorkerThread "G1 Conc#2"                       [id=14384, stack(0x000000bac0e00000,0x000000bac0f00000) (1024K)]
  0x000001fec88166c0 ConcurrentGCThread "G1 Refine#0"               [id=31332, stack(0x000000babe700000,0x000000babe800000) (1024K)]
  0x000001fec8818000 ConcurrentGCThread "G1 Service"                [id=29568, stack(0x000000babe800000,0x000000babe900000) (1024K)]
Total: 18

Threads with active compile tasks:
C2 CompilerThread0   539617 43890       4       org.gradle.internal.fingerprint.classpath.impl.ClasspathFingerprintingStrategy$ClasspathFingerprintingVisitor$1::visitRegularFile (132 bytes)
Total: 1

VM state: not at safepoint (normal execution)

VM Mutex/Monitor currently owned by a thread: None

Heap address: 0x0000000080000000, size: 2048 MB, Compressed Oops mode: 32-bit

CDS archive(s) mapped at: [0x000001fec9000000-0x000001fec9c90000-0x000001fec9c90000), size 13172736, SharedBaseAddress: 0x000001fec9000000, ArchiveRelocationMode: 1.
Compressed class space mapped at: 0x000001feca000000-0x000001fee4000000, reserved size: 436207616
Narrow klass base: 0x000001fec9000000, Narrow klass shift: 0, Narrow klass range: 0x100000000

GC Precious Log:
 CardTable entry size: 512
 Card Set container configuration: InlinePtr #cards 5 size 8 Array Of Cards #cards 12 size 40 Howl #buckets 4 coarsen threshold 1843 Howl Bitmap #cards 512 size 80 coarsen threshold 460 Card regions per heap region 1 cards per card region 2048
 CPUs: 12 total, 12 available
 Memory: 16290M
 Large Page Support: Disabled
 NUMA Support: Disabled
 Compressed Oops: Enabled (32-bit)
 Heap Region Size: 1M
 Heap Min Capacity: 8M
 Heap Initial Capacity: 256M
 Heap Max Capacity: 2G
 Pre-touch: Disabled
 Parallel Workers: 10
 Concurrent Workers: 3
 Concurrent Refinement Workers: 10
 Periodic GC: Disabled

Heap:
 garbage-first heap   total 683008K, used 439253K [0x0000000080000000, 0x0000000100000000)
  region size 1024K, 83 young (84992K), 27 survivors (27648K)
 Metaspace       used 206242K, committed 209856K, reserved 622592K
  class space    used 25775K, committed 27520K, reserved 425984K

Heap Regions: E=young(eden), S=young(survivor), O=old, HS=humongous(starts), HC=humongous(continues), CS=collection set, F=free, TAMS=top-at-mark-start, PB=parsable bottom
|   0|0x0000000080000000, 0x0000000080100000, 0x0000000080100000|100%| O|  |TAMS 0x0000000080000000| PB 0x0000000080000000| Untracked 
|   1|0x0000000080100000, 0x0000000080200000, 0x0000000080200000|100%| O|  |TAMS 0x0000000080100000| PB 0x0000000080100000| Untracked 
|   2|0x0000000080200000, 0x0000000080300000, 0x0000000080300000|100%|HS|  |TAMS 0x0000000080200000| PB 0x0000000080200000| Complete 
|   3|0x0000000080300000, 0x0000000080400000, 0x0000000080400000|100%|HC|  |TAMS 0x0000000080300000| PB 0x0000000080300000| Complete 
|   4|0x0000000080400000, 0x0000000080500000, 0x0000000080500000|100%|HC|  |TAMS 0x0000000080400000| PB 0x0000000080400000| Complete 
|   5|0x0000000080500000, 0x0000000080600000, 0x0000000080600000|100%|HC|  |TAMS 0x0000000080500000| PB 0x0000000080500000| Complete 
|   6|0x0000000080600000, 0x0000000080700000, 0x0000000080700000|100%| O|  |TAMS 0x0000000080600000| PB 0x0000000080600000| Untracked 
|   7|0x0000000080700000, 0x0000000080800000, 0x0000000080800000|100%| O|  |TAMS 0x0000000080700000| PB 0x0000000080700000| Untracked 
|   8|0x0000000080800000, 0x0000000080900000, 0x0000000080900000|100%| O|  |TAMS 0x0000000080800000| PB 0x0000000080800000| Untracked 
|   9|0x0000000080900000, 0x0000000080a00000, 0x0000000080a00000|100%|HS|  |TAMS 0x0000000080900000| PB 0x0000000080900000| Complete 
|  10|0x0000000080a00000, 0x0000000080b00000, 0x0000000080b00000|100%| O|  |TAMS 0x0000000080a00000| PB 0x0000000080a00000| Untracked 
|  11|0x0000000080b00000, 0x0000000080c00000, 0x0000000080c00000|100%| O|  |TAMS 0x0000000080b00000| PB 0x0000000080b00000| Untracked 
|  12|0x0000000080c00000, 0x0000000080d00000, 0x0000000080d00000|100%| O|  |TAMS 0x0000000080c00000| PB 0x0000000080c00000| Untracked 
|  13|0x0000000080d00000, 0x0000000080e00000, 0x0000000080e00000|100%| O|  |TAMS 0x0000000080d00000| PB 0x0000000080d00000| Untracked 
|  14|0x0000000080e00000, 0x0000000080f00000, 0x0000000080f00000|100%| O|  |TAMS 0x0000000080e00000| PB 0x0000000080e00000| Untracked 
|  15|0x0000000080f00000, 0x0000000081000000, 0x0000000081000000|100%| O|  |TAMS 0x0000000080f00000| PB 0x0000000080f00000| Untracked 
|  16|0x0000000081000000, 0x0000000081100000, 0x0000000081100000|100%| O|  |TAMS 0x0000000081000000| PB 0x0000000081000000| Untracked 
|  17|0x0000000081100000, 0x0000000081200000, 0x0000000081200000|100%| O|  |TAMS 0x0000000081100000| PB 0x0000000081100000| Untracked 
|  18|0x0000000081200000, 0x0000000081300000, 0x0000000081300000|100%| O|  |TAMS 0x0000000081200000| PB 0x0000000081200000| Untracked 
|  19|0x0000000081300000, 0x0000000081400000, 0x0000000081400000|100%| O|  |TAMS 0x0000000081300000| PB 0x0000000081300000| Untracked 
|  20|0x0000000081400000, 0x0000000081500000, 0x0000000081500000|100%| O|  |TAMS 0x0000000081400000| PB 0x0000000081400000| Untracked 
|  21|0x0000000081500000, 0x0000000081600000, 0x0000000081600000|100%| O|  |TAMS 0x0000000081500000| PB 0x0000000081500000| Untracked 
|  22|0x0000000081600000, 0x0000000081700000, 0x0000000081700000|100%| O|  |TAMS 0x0000000081600000| PB 0x0000000081600000| Untracked 
|  23|0x0000000081700000, 0x0000000081800000, 0x0000000081800000|100%| O|  |TAMS 0x0000000081700000| PB 0x0000000081700000| Untracked 
|  24|0x0000000081800000, 0x0000000081900000, 0x0000000081900000|100%| O|  |TAMS 0x0000000081800000| PB 0x0000000081800000| Untracked 
|  25|0x0000000081900000, 0x0000000081a00000, 0x0000000081a00000|100%| O|  |TAMS 0x0000000081900000| PB 0x0000000081900000| Untracked 
|  26|0x0000000081a00000, 0x0000000081b00000, 0x0000000081b00000|100%| O|  |TAMS 0x0000000081a00000| PB 0x0000000081a00000| Untracked 
|  27|0x0000000081b00000, 0x0000000081c00000, 0x0000000081c00000|100%| O|  |TAMS 0x0000000081b00000| PB 0x0000000081b00000| Untracked 
|  28|0x0000000081c00000, 0x0000000081d00000, 0x0000000081d00000|100%| O|  |TAMS 0x0000000081c00000| PB 0x0000000081c00000| Untracked 
|  29|0x0000000081d00000, 0x0000000081e00000, 0x0000000081e00000|100%| O|  |TAMS 0x0000000081d00000| PB 0x0000000081d00000| Untracked 
|  30|0x0000000081e00000, 0x0000000081f00000, 0x0000000081f00000|100%| O|  |TAMS 0x0000000081e00000| PB 0x0000000081e00000| Untracked 
|  31|0x0000000081f00000, 0x0000000082000000, 0x0000000082000000|100%| O|  |TAMS 0x0000000081f00000| PB 0x0000000081f00000| Untracked 
|  32|0x0000000082000000, 0x0000000082100000, 0x0000000082100000|100%| O|  |TAMS 0x0000000082000000| PB 0x0000000082000000| Untracked 
|  33|0x0000000082100000, 0x0000000082200000, 0x0000000082200000|100%| O|  |TAMS 0x0000000082100000| PB 0x0000000082100000| Untracked 
|  34|0x0000000082200000, 0x0000000082300000, 0x0000000082300000|100%| O|  |TAMS 0x0000000082200000| PB 0x0000000082200000| Untracked 
|  35|0x0000000082300000, 0x0000000082400000, 0x0000000082400000|100%| O|  |TAMS 0x0000000082300000| PB 0x0000000082300000| Untracked 
|  36|0x0000000082400000, 0x0000000082500000, 0x0000000082500000|100%| O|  |TAMS 0x0000000082400000| PB 0x0000000082400000| Untracked 
|  37|0x0000000082500000, 0x0000000082600000, 0x0000000082600000|100%| O|  |TAMS 0x0000000082500000| PB 0x0000000082500000| Untracked 
|  38|0x0000000082600000, 0x0000000082700000, 0x0000000082700000|100%| O|  |TAMS 0x0000000082600000| PB 0x0000000082600000| Untracked 
|  39|0x0000000082700000, 0x0000000082800000, 0x0000000082800000|100%| O|  |TAMS 0x0000000082700000| PB 0x0000000082700000| Untracked 
|  40|0x0000000082800000, 0x0000000082900000, 0x0000000082900000|100%| O|  |TAMS 0x0000000082800000| PB 0x0000000082800000| Untracked 
|  41|0x0000000082900000, 0x0000000082a00000, 0x0000000082a00000|100%| O|  |TAMS 0x0000000082900000| PB 0x0000000082900000| Untracked 
|  42|0x0000000082a00000, 0x0000000082b00000, 0x0000000082b00000|100%| O|  |TAMS 0x0000000082a00000| PB 0x0000000082a00000| Untracked 
|  43|0x0000000082b00000, 0x0000000082c00000, 0x0000000082c00000|100%| O|  |TAMS 0x0000000082b00000| PB 0x0000000082b00000| Untracked 
|  44|0x0000000082c00000, 0x0000000082d00000, 0x0000000082d00000|100%| O|  |TAMS 0x0000000082c00000| PB 0x0000000082c00000| Untracked 
|  45|0x0000000082d00000, 0x0000000082e00000, 0x0000000082e00000|100%| O|  |TAMS 0x0000000082d00000| PB 0x0000000082d00000| Untracked 
|  46|0x0000000082e00000, 0x0000000082f00000, 0x0000000082f00000|100%| O|  |TAMS 0x0000000082e00000| PB 0x0000000082e00000| Untracked 
|  47|0x0000000082f00000, 0x0000000083000000, 0x0000000083000000|100%| O|  |TAMS 0x0000000082f00000| PB 0x0000000082f00000| Untracked 
|  48|0x0000000083000000, 0x0000000083100000, 0x0000000083100000|100%| O|  |TAMS 0x0000000083000000| PB 0x0000000083000000| Untracked 
|  49|0x0000000083100000, 0x0000000083200000, 0x0000000083200000|100%| O|  |TAMS 0x0000000083100000| PB 0x0000000083100000| Untracked 
|  50|0x0000000083200000, 0x0000000083300000, 0x0000000083300000|100%| O|  |TAMS 0x0000000083200000| PB 0x0000000083200000| Untracked 
|  51|0x0000000083300000, 0x0000000083400000, 0x0000000083400000|100%| O|  |TAMS 0x0000000083300000| PB 0x0000000083300000| Untracked 
|  52|0x0000000083400000, 0x0000000083500000, 0x0000000083500000|100%| O|  |TAMS 0x0000000083400000| PB 0x0000000083400000| Untracked 
|  53|0x0000000083500000, 0x0000000083600000, 0x0000000083600000|100%| O|  |TAMS 0x0000000083500000| PB 0x0000000083500000| Untracked 
|  54|0x0000000083600000, 0x0000000083700000, 0x0000000083700000|100%| O|  |TAMS 0x0000000083600000| PB 0x0000000083600000| Untracked 
|  55|0x0000000083700000, 0x0000000083800000, 0x0000000083800000|100%| O|  |TAMS 0x0000000083700000| PB 0x0000000083700000| Untracked 
|  56|0x0000000083800000, 0x0000000083900000, 0x0000000083900000|100%| O|  |TAMS 0x0000000083800000| PB 0x0000000083800000| Untracked 
|  57|0x0000000083900000, 0x0000000083a00000, 0x0000000083a00000|100%| O|  |TAMS 0x0000000083900000| PB 0x0000000083900000| Untracked 
|  58|0x0000000083a00000, 0x0000000083b00000, 0x0000000083b00000|100%| O|  |TAMS 0x0000000083a00000| PB 0x0000000083a00000| Untracked 
|  59|0x0000000083b00000, 0x0000000083c00000, 0x0000000083c00000|100%| O|Cm|TAMS 0x0000000083b00000| PB 0x0000000083b00000| Complete 
|  60|0x0000000083c00000, 0x0000000083d00000, 0x0000000083d00000|100%| O|  |TAMS 0x0000000083c00000| PB 0x0000000083c00000| Untracked 
|  61|0x0000000083d00000, 0x0000000083e00000, 0x0000000083e00000|100%| O|  |TAMS 0x0000000083d00000| PB 0x0000000083d00000| Untracked 
|  62|0x0000000083e00000, 0x0000000083f00000, 0x0000000083f00000|100%|HS|  |TAMS 0x0000000083e00000| PB 0x0000000083e00000| Complete 
|  63|0x0000000083f00000, 0x0000000084000000, 0x0000000084000000|100%| O|  |TAMS 0x0000000083f00000| PB 0x0000000083f00000| Untracked 
|  64|0x0000000084000000, 0x0000000084100000, 0x0000000084100000|100%| O|  |TAMS 0x0000000084000000| PB 0x0000000084000000| Untracked 
|  65|0x0000000084100000, 0x0000000084200000, 0x0000000084200000|100%| O|  |TAMS 0x0000000084100000| PB 0x0000000084100000| Untracked 
|  66|0x0000000084200000, 0x0000000084300000, 0x0000000084300000|100%| O|  |TAMS 0x0000000084200000| PB 0x0000000084200000| Untracked 
|  67|0x0000000084300000, 0x0000000084400000, 0x0000000084400000|100%| O|Cm|TAMS 0x0000000084300000| PB 0x0000000084300000| Complete 
|  68|0x0000000084400000, 0x0000000084500000, 0x0000000084500000|100%| O|  |TAMS 0x0000000084400000| PB 0x0000000084400000| Untracked 
|  69|0x0000000084500000, 0x0000000084600000, 0x0000000084600000|100%| O|  |TAMS 0x0000000084500000| PB 0x0000000084500000| Untracked 
|  70|0x0000000084600000, 0x0000000084700000, 0x0000000084700000|100%| O|  |TAMS 0x0000000084600000| PB 0x0000000084600000| Untracked 
|  71|0x0000000084700000, 0x0000000084800000, 0x0000000084800000|100%| O|  |TAMS 0x0000000084700000| PB 0x0000000084700000| Untracked 
|  72|0x0000000084800000, 0x0000000084900000, 0x0000000084900000|100%| O|  |TAMS 0x0000000084800000| PB 0x0000000084800000| Untracked 
|  73|0x0000000084900000, 0x0000000084a00000, 0x0000000084a00000|100%| O|  |TAMS 0x0000000084900000| PB 0x0000000084900000| Untracked 
|  74|0x0000000084a00000, 0x0000000084b00000, 0x0000000084b00000|100%| O|  |TAMS 0x0000000084a00000| PB 0x0000000084a00000| Untracked 
|  75|0x0000000084b00000, 0x0000000084c00000, 0x0000000084c00000|100%| O|  |TAMS 0x0000000084b00000| PB 0x0000000084b00000| Untracked 
|  76|0x0000000084c00000, 0x0000000084d00000, 0x0000000084d00000|100%| O|  |TAMS 0x0000000084c00000| PB 0x0000000084c00000| Untracked 
|  77|0x0000000084d00000, 0x0000000084e00000, 0x0000000084e00000|100%| O|  |TAMS 0x0000000084d00000| PB 0x0000000084d00000| Untracked 
|  78|0x0000000084e00000, 0x0000000084f00000, 0x0000000084f00000|100%| O|  |TAMS 0x0000000084e00000| PB 0x0000000084e00000| Untracked 
|  79|0x0000000084f00000, 0x0000000085000000, 0x0000000085000000|100%| O|  |TAMS 0x0000000084f00000| PB 0x0000000084f00000| Untracked 
|  80|0x0000000085000000, 0x0000000085100000, 0x0000000085100000|100%| O|  |TAMS 0x0000000085000000| PB 0x0000000085000000| Untracked 
|  81|0x0000000085100000, 0x0000000085200000, 0x0000000085200000|100%| O|  |TAMS 0x0000000085100000| PB 0x0000000085100000| Untracked 
|  82|0x0000000085200000, 0x0000000085300000, 0x0000000085300000|100%| O|  |TAMS 0x0000000085200000| PB 0x0000000085200000| Untracked 
|  83|0x0000000085300000, 0x0000000085400000, 0x0000000085400000|100%| O|  |TAMS 0x0000000085300000| PB 0x0000000085300000| Untracked 
|  84|0x0000000085400000, 0x0000000085500000, 0x0000000085500000|100%| O|  |TAMS 0x0000000085400000| PB 0x0000000085400000| Untracked 
|  85|0x0000000085500000, 0x0000000085600000, 0x0000000085600000|100%| O|  |TAMS 0x0000000085500000| PB 0x0000000085500000| Untracked 
|  86|0x0000000085600000, 0x0000000085700000, 0x0000000085700000|100%| O|  |TAMS 0x0000000085600000| PB 0x0000000085600000| Untracked 
|  87|0x0000000085700000, 0x0000000085800000, 0x0000000085800000|100%| O|  |TAMS 0x0000000085700000| PB 0x0000000085700000| Untracked 
|  88|0x0000000085800000, 0x0000000085900000, 0x0000000085900000|100%| O|  |TAMS 0x0000000085800000| PB 0x0000000085800000| Untracked 
|  89|0x0000000085900000, 0x0000000085a00000, 0x0000000085a00000|100%| O|  |TAMS 0x0000000085900000| PB 0x0000000085900000| Untracked 
|  90|0x0000000085a00000, 0x0000000085b00000, 0x0000000085b00000|100%| O|  |TAMS 0x0000000085a00000| PB 0x0000000085a00000| Untracked 
|  91|0x0000000085b00000, 0x0000000085c00000, 0x0000000085c00000|100%| O|  |TAMS 0x0000000085b00000| PB 0x0000000085b00000| Untracked 
|  92|0x0000000085c00000, 0x0000000085d00000, 0x0000000085d00000|100%| O|  |TAMS 0x0000000085c00000| PB 0x0000000085c00000| Untracked 
|  93|0x0000000085d00000, 0x0000000085e00000, 0x0000000085e00000|100%| O|  |TAMS 0x0000000085d00000| PB 0x0000000085d00000| Untracked 
|  94|0x0000000085e00000, 0x0000000085f00000, 0x0000000085f00000|100%| O|  |TAMS 0x0000000085e00000| PB 0x0000000085e00000| Untracked 
|  95|0x0000000085f00000, 0x0000000086000000, 0x0000000086000000|100%| O|  |TAMS 0x0000000085f00000| PB 0x0000000085f00000| Untracked 
|  96|0x0000000086000000, 0x0000000086100000, 0x0000000086100000|100%| O|  |TAMS 0x0000000086000000| PB 0x0000000086000000| Untracked 
|  97|0x0000000086100000, 0x0000000086200000, 0x0000000086200000|100%| O|  |TAMS 0x0000000086100000| PB 0x0000000086100000| Untracked 
|  98|0x0000000086200000, 0x0000000086300000, 0x0000000086300000|100%| O|  |TAMS 0x0000000086200000| PB 0x0000000086200000| Untracked 
|  99|0x0000000086300000, 0x0000000086400000, 0x0000000086400000|100%|HS|  |TAMS 0x0000000086300000| PB 0x0000000086300000| Complete 
| 100|0x0000000086400000, 0x0000000086500000, 0x0000000086500000|100%| O|  |TAMS 0x0000000086400000| PB 0x0000000086400000| Untracked 
| 101|0x0000000086500000, 0x0000000086600000, 0x0000000086600000|100%| O|  |TAMS 0x0000000086500000| PB 0x0000000086500000| Untracked 
| 102|0x0000000086600000, 0x0000000086700000, 0x0000000086700000|100%| O|  |TAMS 0x0000000086600000| PB 0x0000000086600000| Untracked 
| 103|0x0000000086700000, 0x0000000086800000, 0x0000000086800000|100%| O|  |TAMS 0x0000000086700000| PB 0x0000000086700000| Untracked 
| 104|0x0000000086800000, 0x0000000086900000, 0x0000000086900000|100%| O|  |TAMS 0x0000000086800000| PB 0x0000000086800000| Untracked 
| 105|0x0000000086900000, 0x0000000086a00000, 0x0000000086a00000|100%| O|  |TAMS 0x0000000086900000| PB 0x0000000086900000| Untracked 
| 106|0x0000000086a00000, 0x0000000086b00000, 0x0000000086b00000|100%| O|  |TAMS 0x0000000086a00000| PB 0x0000000086a00000| Untracked 
| 107|0x0000000086b00000, 0x0000000086c00000, 0x0000000086c00000|100%| O|  |TAMS 0x0000000086b00000| PB 0x0000000086b00000| Untracked 
| 108|0x0000000086c00000, 0x0000000086d00000, 0x0000000086d00000|100%| O|  |TAMS 0x0000000086c00000| PB 0x0000000086c00000| Untracked 
| 109|0x0000000086d00000, 0x0000000086e00000, 0x0000000086e00000|100%| O|  |TAMS 0x0000000086d00000| PB 0x0000000086d00000| Untracked 
| 110|0x0000000086e00000, 0x0000000086f00000, 0x0000000086f00000|100%| O|  |TAMS 0x0000000086e00000| PB 0x0000000086e00000| Untracked 
| 111|0x0000000086f00000, 0x0000000087000000, 0x0000000087000000|100%| O|  |TAMS 0x0000000086f00000| PB 0x0000000086f00000| Untracked 
| 112|0x0000000087000000, 0x0000000087100000, 0x0000000087100000|100%|HS|  |TAMS 0x0000000087000000| PB 0x0000000087000000| Complete 
| 113|0x0000000087100000, 0x0000000087200000, 0x0000000087200000|100%|HC|  |TAMS 0x0000000087100000| PB 0x0000000087100000| Complete 
| 114|0x0000000087200000, 0x0000000087300000, 0x0000000087300000|100%|HS|  |TAMS 0x0000000087200000| PB 0x0000000087200000| Complete 
| 115|0x0000000087300000, 0x0000000087400000, 0x0000000087400000|100%|HC|  |TAMS 0x0000000087300000| PB 0x0000000087300000| Complete 
| 116|0x0000000087400000, 0x0000000087500000, 0x0000000087500000|100%|HC|  |TAMS 0x0000000087400000| PB 0x0000000087400000| Complete 
| 117|0x0000000087500000, 0x0000000087600000, 0x0000000087600000|100%|HC|  |TAMS 0x0000000087500000| PB 0x0000000087500000| Complete 
| 118|0x0000000087600000, 0x0000000087700000, 0x0000000087700000|100%|HS|  |TAMS 0x0000000087600000| PB 0x0000000087600000| Complete 
| 119|0x0000000087700000, 0x0000000087800000, 0x0000000087800000|100%|HC|  |TAMS 0x0000000087700000| PB 0x0000000087700000| Complete 
| 120|0x0000000087800000, 0x0000000087900000, 0x0000000087900000|100%| O|  |TAMS 0x0000000087800000| PB 0x0000000087800000| Untracked 
| 121|0x0000000087900000, 0x0000000087a00000, 0x0000000087a00000|100%|HS|  |TAMS 0x0000000087900000| PB 0x0000000087900000| Complete 
| 122|0x0000000087a00000, 0x0000000087b00000, 0x0000000087b00000|100%|HC|  |TAMS 0x0000000087a00000| PB 0x0000000087a00000| Complete 
| 123|0x0000000087b00000, 0x0000000087c00000, 0x0000000087c00000|100%|HC|  |TAMS 0x0000000087b00000| PB 0x0000000087b00000| Complete 
| 124|0x0000000087c00000, 0x0000000087d00000, 0x0000000087d00000|100%|HC|  |TAMS 0x0000000087c00000| PB 0x0000000087c00000| Complete 
| 125|0x0000000087d00000, 0x0000000087e00000, 0x0000000087e00000|100%| O|  |TAMS 0x0000000087d00000| PB 0x0000000087d00000| Untracked 
| 126|0x0000000087e00000, 0x0000000087f00000, 0x0000000087f00000|100%| O|  |TAMS 0x0000000087e00000| PB 0x0000000087e00000| Untracked 
| 127|0x0000000087f00000, 0x0000000088000000, 0x0000000088000000|100%| O|  |TAMS 0x0000000087f00000| PB 0x0000000087f00000| Untracked 
| 128|0x0000000088000000, 0x0000000088100000, 0x0000000088100000|100%| O|  |TAMS 0x0000000088000000| PB 0x0000000088000000| Untracked 
| 129|0x0000000088100000, 0x0000000088200000, 0x0000000088200000|100%| O|  |TAMS 0x0000000088100000| PB 0x0000000088100000| Untracked 
| 130|0x0000000088200000, 0x0000000088300000, 0x0000000088300000|100%| O|  |TAMS 0x0000000088200000| PB 0x0000000088200000| Untracked 
| 131|0x0000000088300000, 0x0000000088400000, 0x0000000088400000|100%| O|  |TAMS 0x0000000088300000| PB 0x0000000088300000| Untracked 
| 132|0x0000000088400000, 0x0000000088500000, 0x0000000088500000|100%| O|  |TAMS 0x0000000088400000| PB 0x0000000088400000| Untracked 
| 133|0x0000000088500000, 0x0000000088600000, 0x0000000088600000|100%| O|  |TAMS 0x0000000088500000| PB 0x0000000088500000| Untracked 
| 134|0x0000000088600000, 0x0000000088700000, 0x0000000088700000|100%| O|  |TAMS 0x0000000088600000| PB 0x0000000088600000| Untracked 
| 135|0x0000000088700000, 0x0000000088800000, 0x0000000088800000|100%| O|  |TAMS 0x0000000088700000| PB 0x0000000088700000| Untracked 
| 136|0x0000000088800000, 0x0000000088900000, 0x0000000088900000|100%| O|  |TAMS 0x0000000088800000| PB 0x0000000088800000| Untracked 
| 137|0x0000000088900000, 0x0000000088a00000, 0x0000000088a00000|100%| O|  |TAMS 0x0000000088900000| PB 0x0000000088900000| Untracked 
| 138|0x0000000088a00000, 0x0000000088b00000, 0x0000000088b00000|100%| O|  |TAMS 0x0000000088a00000| PB 0x0000000088a00000| Untracked 
| 139|0x0000000088b00000, 0x0000000088c00000, 0x0000000088c00000|100%| O|  |TAMS 0x0000000088b00000| PB 0x0000000088b00000| Untracked 
| 140|0x0000000088c00000, 0x0000000088d00000, 0x0000000088d00000|100%| O|  |TAMS 0x0000000088c00000| PB 0x0000000088c00000| Untracked 
| 141|0x0000000088d00000, 0x0000000088e00000, 0x0000000088e00000|100%| O|  |TAMS 0x0000000088d00000| PB 0x0000000088d00000| Untracked 
| 142|0x0000000088e00000, 0x0000000088f00000, 0x0000000088f00000|100%| O|  |TAMS 0x0000000088e00000| PB 0x0000000088e00000| Untracked 
| 143|0x0000000088f00000, 0x0000000089000000, 0x0000000089000000|100%| O|  |TAMS 0x0000000088f00000| PB 0x0000000088f00000| Untracked 
| 144|0x0000000089000000, 0x0000000089100000, 0x0000000089100000|100%| O|  |TAMS 0x0000000089000000| PB 0x0000000089000000| Untracked 
| 145|0x0000000089100000, 0x0000000089200000, 0x0000000089200000|100%| O|  |TAMS 0x0000000089100000| PB 0x0000000089100000| Untracked 
| 146|0x0000000089200000, 0x0000000089300000, 0x0000000089300000|100%| O|  |TAMS 0x0000000089200000| PB 0x0000000089200000| Untracked 
| 147|0x0000000089300000, 0x0000000089400000, 0x0000000089400000|100%| O|  |TAMS 0x0000000089300000| PB 0x0000000089300000| Untracked 
| 148|0x0000000089400000, 0x0000000089500000, 0x0000000089500000|100%| O|  |TAMS 0x0000000089400000| PB 0x0000000089400000| Untracked 
| 149|0x0000000089500000, 0x0000000089600000, 0x0000000089600000|100%| O|  |TAMS 0x0000000089500000| PB 0x0000000089500000| Untracked 
| 150|0x0000000089600000, 0x0000000089700000, 0x0000000089700000|100%| O|  |TAMS 0x0000000089600000| PB 0x0000000089600000| Untracked 
| 151|0x0000000089700000, 0x0000000089800000, 0x0000000089800000|100%| O|  |TAMS 0x0000000089700000| PB 0x0000000089700000| Untracked 
| 152|0x0000000089800000, 0x0000000089900000, 0x0000000089900000|100%| O|  |TAMS 0x0000000089800000| PB 0x0000000089800000| Untracked 
| 153|0x0000000089900000, 0x0000000089a00000, 0x0000000089a00000|100%| O|  |TAMS 0x0000000089900000| PB 0x0000000089900000| Untracked 
| 154|0x0000000089a00000, 0x0000000089b00000, 0x0000000089b00000|100%| O|  |TAMS 0x0000000089a00000| PB 0x0000000089a00000| Untracked 
| 155|0x0000000089b00000, 0x0000000089c00000, 0x0000000089c00000|100%| O|  |TAMS 0x0000000089b00000| PB 0x0000000089b00000| Untracked 
| 156|0x0000000089c00000, 0x0000000089d00000, 0x0000000089d00000|100%| O|  |TAMS 0x0000000089c00000| PB 0x0000000089c00000| Untracked 
| 157|0x0000000089d00000, 0x0000000089e00000, 0x0000000089e00000|100%| O|  |TAMS 0x0000000089d00000| PB 0x0000000089d00000| Untracked 
| 158|0x0000000089e00000, 0x0000000089f00000, 0x0000000089f00000|100%| O|  |TAMS 0x0000000089e00000| PB 0x0000000089e00000| Untracked 
| 159|0x0000000089f00000, 0x000000008a000000, 0x000000008a000000|100%| O|  |TAMS 0x0000000089f00000| PB 0x0000000089f00000| Untracked 
| 160|0x000000008a000000, 0x000000008a100000, 0x000000008a100000|100%| O|  |TAMS 0x000000008a000000| PB 0x000000008a000000| Untracked 
| 161|0x000000008a100000, 0x000000008a200000, 0x000000008a200000|100%|HS|  |TAMS 0x000000008a100000| PB 0x000000008a100000| Complete 
| 162|0x000000008a200000, 0x000000008a300000, 0x000000008a300000|100%| O|  |TAMS 0x000000008a200000| PB 0x000000008a200000| Untracked 
| 163|0x000000008a300000, 0x000000008a400000, 0x000000008a400000|100%| O|  |TAMS 0x000000008a300000| PB 0x000000008a300000| Untracked 
| 164|0x000000008a400000, 0x000000008a500000, 0x000000008a500000|100%| O|  |TAMS 0x000000008a400000| PB 0x000000008a400000| Untracked 
| 165|0x000000008a500000, 0x000000008a600000, 0x000000008a600000|100%| O|  |TAMS 0x000000008a500000| PB 0x000000008a500000| Untracked 
| 166|0x000000008a600000, 0x000000008a700000, 0x000000008a700000|100%| O|  |TAMS 0x000000008a600000| PB 0x000000008a600000| Untracked 
| 167|0x000000008a700000, 0x000000008a800000, 0x000000008a800000|100%| O|  |TAMS 0x000000008a700000| PB 0x000000008a700000| Untracked 
| 168|0x000000008a800000, 0x000000008a900000, 0x000000008a900000|100%| O|  |TAMS 0x000000008a800000| PB 0x000000008a800000| Untracked 
| 169|0x000000008a900000, 0x000000008aa00000, 0x000000008aa00000|100%| O|  |TAMS 0x000000008a900000| PB 0x000000008a900000| Untracked 
| 170|0x000000008aa00000, 0x000000008ab00000, 0x000000008ab00000|100%| O|  |TAMS 0x000000008aa00000| PB 0x000000008aa00000| Untracked 
| 171|0x000000008ab00000, 0x000000008ac00000, 0x000000008ac00000|100%|HS|  |TAMS 0x000000008ab00000| PB 0x000000008ab00000| Complete 
| 172|0x000000008ac00000, 0x000000008ad00000, 0x000000008ad00000|100%| O|  |TAMS 0x000000008ac00000| PB 0x000000008ac00000| Untracked 
| 173|0x000000008ad00000, 0x000000008ae00000, 0x000000008ae00000|100%| O|  |TAMS 0x000000008ad00000| PB 0x000000008ad00000| Untracked 
| 174|0x000000008ae00000, 0x000000008af00000, 0x000000008af00000|100%|HS|  |TAMS 0x000000008ae00000| PB 0x000000008ae00000| Complete 
| 175|0x000000008af00000, 0x000000008b000000, 0x000000008b000000|100%| O|  |TAMS 0x000000008af00000| PB 0x000000008af00000| Untracked 
| 176|0x000000008b000000, 0x000000008b100000, 0x000000008b100000|100%| O|  |TAMS 0x000000008b000000| PB 0x000000008b000000| Untracked 
| 177|0x000000008b100000, 0x000000008b200000, 0x000000008b200000|100%| O|  |TAMS 0x000000008b100000| PB 0x000000008b100000| Untracked 
| 178|0x000000008b200000, 0x000000008b300000, 0x000000008b300000|100%| O|  |TAMS 0x000000008b200000| PB 0x000000008b200000| Untracked 
| 179|0x000000008b300000, 0x000000008b400000, 0x000000008b400000|100%| O|  |TAMS 0x000000008b300000| PB 0x000000008b300000| Untracked 
| 180|0x000000008b400000, 0x000000008b500000, 0x000000008b500000|100%| O|  |TAMS 0x000000008b400000| PB 0x000000008b400000| Untracked 
| 181|0x000000008b500000, 0x000000008b600000, 0x000000008b600000|100%| O|  |TAMS 0x000000008b500000| PB 0x000000008b500000| Untracked 
| 182|0x000000008b600000, 0x000000008b700000, 0x000000008b700000|100%| O|  |TAMS 0x000000008b600000| PB 0x000000008b600000| Untracked 
| 183|0x000000008b700000, 0x000000008b800000, 0x000000008b800000|100%| O|  |TAMS 0x000000008b700000| PB 0x000000008b700000| Untracked 
| 184|0x000000008b800000, 0x000000008b900000, 0x000000008b900000|100%| O|  |TAMS 0x000000008b800000| PB 0x000000008b800000| Untracked 
| 185|0x000000008b900000, 0x000000008ba00000, 0x000000008ba00000|100%| O|  |TAMS 0x000000008b900000| PB 0x000000008b900000| Untracked 
| 186|0x000000008ba00000, 0x000000008bb00000, 0x000000008bb00000|100%| O|  |TAMS 0x000000008ba00000| PB 0x000000008ba00000| Untracked 
| 187|0x000000008bb00000, 0x000000008bc00000, 0x000000008bc00000|100%| O|  |TAMS 0x000000008bb00000| PB 0x000000008bb00000| Untracked 
| 188|0x000000008bc00000, 0x000000008bd00000, 0x000000008bd00000|100%| O|  |TAMS 0x000000008bc00000| PB 0x000000008bc00000| Untracked 
| 189|0x000000008bd00000, 0x000000008be00000, 0x000000008be00000|100%| O|  |TAMS 0x000000008bd00000| PB 0x000000008bd00000| Untracked 
| 190|0x000000008be00000, 0x000000008bf00000, 0x000000008bf00000|100%| O|  |TAMS 0x000000008be00000| PB 0x000000008be00000| Untracked 
| 191|0x000000008bf00000, 0x000000008c000000, 0x000000008c000000|100%| O|  |TAMS 0x000000008bf00000| PB 0x000000008bf00000| Untracked 
| 192|0x000000008c000000, 0x000000008c100000, 0x000000008c100000|100%| O|  |TAMS 0x000000008c000000| PB 0x000000008c000000| Untracked 
| 193|0x000000008c100000, 0x000000008c200000, 0x000000008c200000|100%|HS|  |TAMS 0x000000008c100000| PB 0x000000008c100000| Complete 
| 194|0x000000008c200000, 0x000000008c300000, 0x000000008c300000|100%| O|  |TAMS 0x000000008c200000| PB 0x000000008c200000| Untracked 
| 195|0x000000008c300000, 0x000000008c400000, 0x000000008c400000|100%| O|  |TAMS 0x000000008c300000| PB 0x000000008c300000| Untracked 
| 196|0x000000008c400000, 0x000000008c500000, 0x000000008c500000|100%| O|  |TAMS 0x000000008c400000| PB 0x000000008c400000| Untracked 
| 197|0x000000008c500000, 0x000000008c600000, 0x000000008c600000|100%| O|  |TAMS 0x000000008c500000| PB 0x000000008c500000| Untracked 
| 198|0x000000008c600000, 0x000000008c700000, 0x000000008c700000|100%| O|  |TAMS 0x000000008c600000| PB 0x000000008c600000| Untracked 
| 199|0x000000008c700000, 0x000000008c800000, 0x000000008c800000|100%| O|  |TAMS 0x000000008c700000| PB 0x000000008c700000| Untracked 
| 200|0x000000008c800000, 0x000000008c900000, 0x000000008c900000|100%| O|  |TAMS 0x000000008c800000| PB 0x000000008c800000| Untracked 
| 201|0x000000008c900000, 0x000000008ca00000, 0x000000008ca00000|100%| O|  |TAMS 0x000000008c900000| PB 0x000000008c900000| Untracked 
| 202|0x000000008ca00000, 0x000000008cb00000, 0x000000008cb00000|100%| O|  |TAMS 0x000000008ca00000| PB 0x000000008ca00000| Untracked 
| 203|0x000000008cb00000, 0x000000008cc00000, 0x000000008cc00000|100%| O|  |TAMS 0x000000008cb00000| PB 0x000000008cb00000| Untracked 
| 204|0x000000008cc00000, 0x000000008cd00000, 0x000000008cd00000|100%| O|  |TAMS 0x000000008cc00000| PB 0x000000008cc00000| Untracked 
| 205|0x000000008cd00000, 0x000000008ce00000, 0x000000008ce00000|100%| O|  |TAMS 0x000000008cd00000| PB 0x000000008cd00000| Untracked 
| 206|0x000000008ce00000, 0x000000008cf00000, 0x000000008cf00000|100%| O|  |TAMS 0x000000008ce00000| PB 0x000000008ce00000| Untracked 
| 207|0x000000008cf00000, 0x000000008d000000, 0x000000008d000000|100%| O|  |TAMS 0x000000008cf00000| PB 0x000000008cf00000| Untracked 
| 208|0x000000008d000000, 0x000000008d100000, 0x000000008d100000|100%| O|  |TAMS 0x000000008d000000| PB 0x000000008d000000| Untracked 
| 209|0x000000008d100000, 0x000000008d200000, 0x000000008d200000|100%| O|  |TAMS 0x000000008d100000| PB 0x000000008d100000| Untracked 
| 210|0x000000008d200000, 0x000000008d300000, 0x000000008d300000|100%| O|  |TAMS 0x000000008d200000| PB 0x000000008d200000| Untracked 
| 211|0x000000008d300000, 0x000000008d400000, 0x000000008d400000|100%|HS|  |TAMS 0x000000008d300000| PB 0x000000008d300000| Complete 
| 212|0x000000008d400000, 0x000000008d500000, 0x000000008d500000|100%| O|  |TAMS 0x000000008d400000| PB 0x000000008d400000| Untracked 
| 213|0x000000008d500000, 0x000000008d600000, 0x000000008d600000|100%| O|  |TAMS 0x000000008d500000| PB 0x000000008d500000| Untracked 
| 214|0x000000008d600000, 0x000000008d700000, 0x000000008d700000|100%| O|  |TAMS 0x000000008d600000| PB 0x000000008d600000| Untracked 
| 215|0x000000008d700000, 0x000000008d800000, 0x000000008d800000|100%| O|  |TAMS 0x000000008d700000| PB 0x000000008d700000| Untracked 
| 216|0x000000008d800000, 0x000000008d900000, 0x000000008d900000|100%| O|  |TAMS 0x000000008d800000| PB 0x000000008d800000| Untracked 
| 217|0x000000008d900000, 0x000000008da00000, 0x000000008da00000|100%| O|  |TAMS 0x000000008d900000| PB 0x000000008d900000| Untracked 
| 218|0x000000008da00000, 0x000000008db00000, 0x000000008db00000|100%| O|  |TAMS 0x000000008da00000| PB 0x000000008da00000| Untracked 
| 219|0x000000008db00000, 0x000000008dc00000, 0x000000008dc00000|100%| O|  |TAMS 0x000000008db00000| PB 0x000000008db00000| Untracked 
| 220|0x000000008dc00000, 0x000000008dd00000, 0x000000008dd00000|100%| O|  |TAMS 0x000000008dc00000| PB 0x000000008dc00000| Untracked 
| 221|0x000000008dd00000, 0x000000008de00000, 0x000000008de00000|100%| O|  |TAMS 0x000000008dd00000| PB 0x000000008dd00000| Untracked 
| 222|0x000000008de00000, 0x000000008df00000, 0x000000008df00000|100%| O|  |TAMS 0x000000008de00000| PB 0x000000008de00000| Untracked 
| 223|0x000000008df00000, 0x000000008e000000, 0x000000008e000000|100%| O|  |TAMS 0x000000008df00000| PB 0x000000008df00000| Untracked 
| 224|0x000000008e000000, 0x000000008e100000, 0x000000008e100000|100%| O|  |TAMS 0x000000008e000000| PB 0x000000008e000000| Untracked 
| 225|0x000000008e100000, 0x000000008e200000, 0x000000008e200000|100%| O|  |TAMS 0x000000008e100000| PB 0x000000008e100000| Untracked 
| 226|0x000000008e200000, 0x000000008e300000, 0x000000008e300000|100%| O|  |TAMS 0x000000008e200000| PB 0x000000008e200000| Untracked 
| 227|0x000000008e300000, 0x000000008e400000, 0x000000008e400000|100%| O|  |TAMS 0x000000008e300000| PB 0x000000008e300000| Untracked 
| 228|0x000000008e400000, 0x000000008e500000, 0x000000008e500000|100%| O|  |TAMS 0x000000008e400000| PB 0x000000008e400000| Untracked 
| 229|0x000000008e500000, 0x000000008e600000, 0x000000008e600000|100%| O|  |TAMS 0x000000008e500000| PB 0x000000008e500000| Untracked 
| 230|0x000000008e600000, 0x000000008e700000, 0x000000008e700000|100%| O|  |TAMS 0x000000008e600000| PB 0x000000008e600000| Untracked 
| 231|0x000000008e700000, 0x000000008e800000, 0x000000008e800000|100%| O|  |TAMS 0x000000008e700000| PB 0x000000008e700000| Untracked 
| 232|0x000000008e800000, 0x000000008e900000, 0x000000008e900000|100%| O|  |TAMS 0x000000008e800000| PB 0x000000008e800000| Untracked 
| 233|0x000000008e900000, 0x000000008ea00000, 0x000000008ea00000|100%| O|  |TAMS 0x000000008e900000| PB 0x000000008e900000| Untracked 
| 234|0x000000008ea00000, 0x000000008eb00000, 0x000000008eb00000|100%| O|  |TAMS 0x000000008ea00000| PB 0x000000008ea00000| Untracked 
| 235|0x000000008eb00000, 0x000000008ec00000, 0x000000008ec00000|100%| O|  |TAMS 0x000000008eb00000| PB 0x000000008eb00000| Untracked 
| 236|0x000000008ec00000, 0x000000008ed00000, 0x000000008ed00000|100%| O|  |TAMS 0x000000008ec00000| PB 0x000000008ec00000| Untracked 
| 237|0x000000008ed00000, 0x000000008ee00000, 0x000000008ee00000|100%| O|  |TAMS 0x000000008ed00000| PB 0x000000008ed00000| Untracked 
| 238|0x000000008ee00000, 0x000000008ef00000, 0x000000008ef00000|100%| O|  |TAMS 0x000000008ee00000| PB 0x000000008ee00000| Untracked 
| 239|0x000000008ef00000, 0x000000008f000000, 0x000000008f000000|100%|HS|  |TAMS 0x000000008ef00000| PB 0x000000008ef00000| Complete 
| 240|0x000000008f000000, 0x000000008f100000, 0x000000008f100000|100%|HS|  |TAMS 0x000000008f000000| PB 0x000000008f000000| Complete 
| 241|0x000000008f100000, 0x000000008f200000, 0x000000008f200000|100%|HC|  |TAMS 0x000000008f100000| PB 0x000000008f100000| Complete 
| 242|0x000000008f200000, 0x000000008f300000, 0x000000008f300000|100%| O|  |TAMS 0x000000008f200000| PB 0x000000008f200000| Untracked 
| 243|0x000000008f300000, 0x000000008f400000, 0x000000008f400000|100%| O|  |TAMS 0x000000008f300000| PB 0x000000008f300000| Untracked 
| 244|0x000000008f400000, 0x000000008f500000, 0x000000008f500000|100%| O|  |TAMS 0x000000008f400000| PB 0x000000008f400000| Untracked 
| 245|0x000000008f500000, 0x000000008f600000, 0x000000008f600000|100%| O|  |TAMS 0x000000008f500000| PB 0x000000008f500000| Untracked 
| 246|0x000000008f600000, 0x000000008f700000, 0x000000008f700000|100%| O|  |TAMS 0x000000008f600000| PB 0x000000008f600000| Untracked 
| 247|0x000000008f700000, 0x000000008f800000, 0x000000008f800000|100%| O|  |TAMS 0x000000008f700000| PB 0x000000008f700000| Untracked 
| 248|0x000000008f800000, 0x000000008f900000, 0x000000008f900000|100%| O|  |TAMS 0x000000008f800000| PB 0x000000008f800000| Untracked 
| 249|0x000000008f900000, 0x000000008fa00000, 0x000000008fa00000|100%| O|  |TAMS 0x000000008f900000| PB 0x000000008f900000| Untracked 
| 250|0x000000008fa00000, 0x000000008fb00000, 0x000000008fb00000|100%| O|  |TAMS 0x000000008fa00000| PB 0x000000008fa00000| Untracked 
| 251|0x000000008fb00000, 0x000000008fc00000, 0x000000008fc00000|100%| O|  |TAMS 0x000000008fb00000| PB 0x000000008fb00000| Untracked 
| 252|0x000000008fc00000, 0x000000008fd00000, 0x000000008fd00000|100%| O|  |TAMS 0x000000008fc00000| PB 0x000000008fc00000| Untracked 
| 253|0x000000008fd00000, 0x000000008fe00000, 0x000000008fe00000|100%| O|  |TAMS 0x000000008fd00000| PB 0x000000008fd00000| Untracked 
| 254|0x000000008fe00000, 0x000000008ff00000, 0x000000008ff00000|100%|HS|  |TAMS 0x000000008fe00000| PB 0x000000008fe00000| Complete 
| 255|0x000000008ff00000, 0x0000000090000000, 0x0000000090000000|100%|HC|  |TAMS 0x000000008ff00000| PB 0x000000008ff00000| Complete 
| 256|0x0000000090000000, 0x0000000090100000, 0x0000000090100000|100%|HC|  |TAMS 0x0000000090000000| PB 0x0000000090000000| Complete 
| 257|0x0000000090100000, 0x0000000090200000, 0x0000000090200000|100%|HC|  |TAMS 0x0000000090100000| PB 0x0000000090100000| Complete 
| 258|0x0000000090200000, 0x0000000090300000, 0x0000000090300000|100%| O|  |TAMS 0x0000000090200000| PB 0x0000000090200000| Untracked 
| 259|0x0000000090300000, 0x0000000090400000, 0x0000000090400000|100%|HS|  |TAMS 0x0000000090300000| PB 0x0000000090300000| Complete 
| 260|0x0000000090400000, 0x0000000090500000, 0x0000000090500000|100%| O|  |TAMS 0x0000000090400000| PB 0x0000000090400000| Untracked 
| 261|0x0000000090500000, 0x0000000090600000, 0x0000000090600000|100%|HS|  |TAMS 0x0000000090500000| PB 0x0000000090500000| Complete 
| 262|0x0000000090600000, 0x0000000090700000, 0x0000000090700000|100%|HC|  |TAMS 0x0000000090600000| PB 0x0000000090600000| Complete 
| 263|0x0000000090700000, 0x0000000090800000, 0x0000000090800000|100%|HS|  |TAMS 0x0000000090700000| PB 0x0000000090700000| Complete 
| 264|0x0000000090800000, 0x0000000090900000, 0x0000000090900000|100%|HC|  |TAMS 0x0000000090800000| PB 0x0000000090800000| Complete 
| 265|0x0000000090900000, 0x0000000090a00000, 0x0000000090a00000|100%|HC|  |TAMS 0x0000000090900000| PB 0x0000000090900000| Complete 
| 266|0x0000000090a00000, 0x0000000090b00000, 0x0000000090b00000|100%|HC|  |TAMS 0x0000000090a00000| PB 0x0000000090a00000| Complete 
| 267|0x0000000090b00000, 0x0000000090c00000, 0x0000000090c00000|100%| O|  |TAMS 0x0000000090b00000| PB 0x0000000090b00000| Untracked 
| 268|0x0000000090c00000, 0x0000000090d00000, 0x0000000090d00000|100%| O|  |TAMS 0x0000000090c00000| PB 0x0000000090c00000| Untracked 
| 269|0x0000000090d00000, 0x0000000090e00000, 0x0000000090e00000|100%| O|  |TAMS 0x0000000090d00000| PB 0x0000000090d00000| Untracked 
| 270|0x0000000090e00000, 0x0000000090f00000, 0x0000000090f00000|100%| O|  |TAMS 0x0000000090e00000| PB 0x0000000090e00000| Untracked 
| 271|0x0000000090f00000, 0x0000000091000000, 0x0000000091000000|100%| O|  |TAMS 0x0000000090f00000| PB 0x0000000090f00000| Untracked 
| 272|0x0000000091000000, 0x0000000091100000, 0x0000000091100000|100%| O|  |TAMS 0x0000000091000000| PB 0x0000000091000000| Untracked 
| 273|0x0000000091100000, 0x0000000091200000, 0x0000000091200000|100%| O|  |TAMS 0x0000000091100000| PB 0x0000000091100000| Untracked 
| 274|0x0000000091200000, 0x0000000091300000, 0x0000000091300000|100%| O|  |TAMS 0x0000000091200000| PB 0x0000000091200000| Untracked 
| 275|0x0000000091300000, 0x0000000091400000, 0x0000000091400000|100%| O|  |TAMS 0x0000000091300000| PB 0x0000000091300000| Untracked 
| 276|0x0000000091400000, 0x0000000091500000, 0x0000000091500000|100%| O|  |TAMS 0x0000000091400000| PB 0x0000000091400000| Untracked 
| 277|0x0000000091500000, 0x0000000091600000, 0x0000000091600000|100%| O|  |TAMS 0x0000000091500000| PB 0x0000000091500000| Untracked 
| 278|0x0000000091600000, 0x0000000091700000, 0x0000000091700000|100%| O|  |TAMS 0x0000000091600000| PB 0x0000000091600000| Untracked 
| 279|0x0000000091700000, 0x0000000091800000, 0x0000000091800000|100%| O|  |TAMS 0x0000000091700000| PB 0x0000000091700000| Untracked 
| 280|0x0000000091800000, 0x0000000091900000, 0x0000000091900000|100%| O|  |TAMS 0x0000000091800000| PB 0x0000000091800000| Untracked 
| 281|0x0000000091900000, 0x0000000091a00000, 0x0000000091a00000|100%| O|  |TAMS 0x0000000091900000| PB 0x0000000091900000| Untracked 
| 282|0x0000000091a00000, 0x0000000091b00000, 0x0000000091b00000|100%| O|  |TAMS 0x0000000091a00000| PB 0x0000000091a00000| Untracked 
| 283|0x0000000091b00000, 0x0000000091c00000, 0x0000000091c00000|100%| O|  |TAMS 0x0000000091b00000| PB 0x0000000091b00000| Untracked 
| 284|0x0000000091c00000, 0x0000000091d00000, 0x0000000091d00000|100%| O|  |TAMS 0x0000000091c00000| PB 0x0000000091c00000| Untracked 
| 285|0x0000000091d00000, 0x0000000091e00000, 0x0000000091e00000|100%| O|  |TAMS 0x0000000091d00000| PB 0x0000000091d00000| Untracked 
| 286|0x0000000091e00000, 0x0000000091f00000, 0x0000000091f00000|100%| O|  |TAMS 0x0000000091e00000| PB 0x0000000091e00000| Untracked 
| 287|0x0000000091f00000, 0x0000000092000000, 0x0000000092000000|100%| O|  |TAMS 0x0000000091f00000| PB 0x0000000091f00000| Untracked 
| 288|0x0000000092000000, 0x0000000092100000, 0x0000000092100000|100%| O|  |TAMS 0x0000000092000000| PB 0x0000000092000000| Untracked 
| 289|0x0000000092100000, 0x0000000092200000, 0x0000000092200000|100%| O|  |TAMS 0x0000000092100000| PB 0x0000000092100000| Untracked 
| 290|0x0000000092200000, 0x0000000092300000, 0x0000000092300000|100%| O|  |TAMS 0x0000000092200000| PB 0x0000000092200000| Untracked 
| 291|0x0000000092300000, 0x0000000092400000, 0x0000000092400000|100%| O|  |TAMS 0x0000000092300000| PB 0x0000000092300000| Untracked 
| 292|0x0000000092400000, 0x0000000092500000, 0x0000000092500000|100%| O|  |TAMS 0x0000000092400000| PB 0x0000000092400000| Untracked 
| 293|0x0000000092500000, 0x0000000092600000, 0x0000000092600000|100%| O|  |TAMS 0x0000000092500000| PB 0x0000000092500000| Untracked 
| 294|0x0000000092600000, 0x0000000092700000, 0x0000000092700000|100%| O|  |TAMS 0x0000000092600000| PB 0x0000000092600000| Untracked 
| 295|0x0000000092700000, 0x0000000092800000, 0x0000000092800000|100%| O|  |TAMS 0x0000000092700000| PB 0x0000000092700000| Untracked 
| 296|0x0000000092800000, 0x0000000092900000, 0x0000000092900000|100%| O|  |TAMS 0x0000000092800000| PB 0x0000000092800000| Untracked 
| 297|0x0000000092900000, 0x0000000092a00000, 0x0000000092a00000|100%| O|  |TAMS 0x0000000092900000| PB 0x0000000092900000| Untracked 
| 298|0x0000000092a00000, 0x0000000092b00000, 0x0000000092b00000|100%| O|  |TAMS 0x0000000092a00000| PB 0x0000000092a00000| Untracked 
| 299|0x0000000092b00000, 0x0000000092c00000, 0x0000000092c00000|100%| O|  |TAMS 0x0000000092b00000| PB 0x0000000092b00000| Untracked 
| 300|0x0000000092c00000, 0x0000000092d00000, 0x0000000092d00000|100%| O|  |TAMS 0x0000000092c00000| PB 0x0000000092c00000| Untracked 
| 301|0x0000000092d00000, 0x0000000092e00000, 0x0000000092e00000|100%| O|  |TAMS 0x0000000092d00000| PB 0x0000000092d00000| Untracked 
| 302|0x0000000092e00000, 0x0000000092f00000, 0x0000000092f00000|100%| O|  |TAMS 0x0000000092e00000| PB 0x0000000092e00000| Untracked 
| 303|0x0000000092f00000, 0x0000000093000000, 0x0000000093000000|100%| O|  |TAMS 0x0000000092f00000| PB 0x0000000092f00000| Untracked 
| 304|0x0000000093000000, 0x0000000093100000, 0x0000000093100000|100%| O|Cm|TAMS 0x0000000093000000| PB 0x0000000093000000| Complete 
| 305|0x0000000093100000, 0x0000000093200000, 0x0000000093200000|100%| O|  |TAMS 0x0000000093100000| PB 0x0000000093100000| Untracked 
| 306|0x0000000093200000, 0x0000000093300000, 0x0000000093300000|100%| O|  |TAMS 0x0000000093200000| PB 0x0000000093200000| Untracked 
| 307|0x0000000093300000, 0x0000000093400000, 0x0000000093400000|100%| O|  |TAMS 0x0000000093300000| PB 0x0000000093300000| Untracked 
| 308|0x0000000093400000, 0x0000000093500000, 0x0000000093500000|100%| O|  |TAMS 0x0000000093400000| PB 0x0000000093400000| Untracked 
| 309|0x0000000093500000, 0x0000000093600000, 0x0000000093600000|100%| O|  |TAMS 0x0000000093500000| PB 0x0000000093500000| Untracked 
| 310|0x0000000093600000, 0x0000000093700000, 0x0000000093700000|100%| O|  |TAMS 0x0000000093600000| PB 0x0000000093600000| Untracked 
| 311|0x0000000093700000, 0x0000000093800000, 0x0000000093800000|100%| O|  |TAMS 0x0000000093700000| PB 0x0000000093700000| Untracked 
| 312|0x0000000093800000, 0x0000000093900000, 0x0000000093900000|100%| O|  |TAMS 0x0000000093800000| PB 0x0000000093800000| Untracked 
| 313|0x0000000093900000, 0x0000000093a00000, 0x0000000093a00000|100%| O|  |TAMS 0x0000000093900000| PB 0x0000000093900000| Untracked 
| 314|0x0000000093a00000, 0x0000000093b00000, 0x0000000093b00000|100%| O|  |TAMS 0x0000000093a00000| PB 0x0000000093a00000| Untracked 
| 315|0x0000000093b00000, 0x0000000093c00000, 0x0000000093c00000|100%| O|  |TAMS 0x0000000093b00000| PB 0x0000000093b00000| Untracked 
| 316|0x0000000093c00000, 0x0000000093d00000, 0x0000000093d00000|100%| O|  |TAMS 0x0000000093c00000| PB 0x0000000093c00000| Untracked 
| 317|0x0000000093d00000, 0x0000000093e00000, 0x0000000093e00000|100%| O|  |TAMS 0x0000000093d00000| PB 0x0000000093d00000| Untracked 
| 318|0x0000000093e00000, 0x0000000093f00000, 0x0000000093f00000|100%| O|  |TAMS 0x0000000093e00000| PB 0x0000000093e00000| Untracked 
| 319|0x0000000093f00000, 0x0000000094000000, 0x0000000094000000|100%| O|  |TAMS 0x0000000093f00000| PB 0x0000000093f00000| Untracked 
| 320|0x0000000094000000, 0x0000000094100000, 0x0000000094100000|100%| O|  |TAMS 0x0000000094000000| PB 0x0000000094000000| Untracked 
| 321|0x0000000094100000, 0x0000000094200000, 0x0000000094200000|100%| O|  |TAMS 0x0000000094100000| PB 0x0000000094100000| Untracked 
| 322|0x0000000094200000, 0x0000000094300000, 0x0000000094300000|100%| O|  |TAMS 0x0000000094200000| PB 0x0000000094200000| Untracked 
| 323|0x0000000094300000, 0x0000000094400000, 0x0000000094400000|100%| O|  |TAMS 0x0000000094300000| PB 0x0000000094300000| Untracked 
| 324|0x0000000094400000, 0x0000000094500000, 0x0000000094500000|100%| O|  |TAMS 0x0000000094400000| PB 0x0000000094400000| Untracked 
| 325|0x0000000094500000, 0x0000000094600000, 0x0000000094600000|100%| O|  |TAMS 0x0000000094500000| PB 0x0000000094500000| Untracked 
| 326|0x0000000094600000, 0x0000000094700000, 0x0000000094700000|100%| O|  |TAMS 0x0000000094600000| PB 0x0000000094600000| Untracked 
| 327|0x0000000094700000, 0x0000000094800000, 0x0000000094800000|100%| O|  |TAMS 0x0000000094700000| PB 0x0000000094700000| Untracked 
| 328|0x0000000094800000, 0x0000000094900000, 0x0000000094900000|100%| O|  |TAMS 0x0000000094800000| PB 0x0000000094800000| Untracked 
| 329|0x0000000094900000, 0x0000000094a00000, 0x0000000094a00000|100%| O|Cm|TAMS 0x0000000094900000| PB 0x0000000094900000| Complete 
| 330|0x0000000094a00000, 0x0000000094b00000, 0x0000000094b00000|100%| O|Cm|TAMS 0x0000000094a00000| PB 0x0000000094a00000| Complete 
| 331|0x0000000094b00000, 0x0000000094c00000, 0x0000000094c00000|100%| O|  |TAMS 0x0000000094b00000| PB 0x0000000094b00000| Untracked 
| 332|0x0000000094c00000, 0x0000000094d00000, 0x0000000094d00000|100%| O|  |TAMS 0x0000000094c00000| PB 0x0000000094c00000| Untracked 
| 333|0x0000000094d00000, 0x0000000094e00000, 0x0000000094e00000|100%| O|  |TAMS 0x0000000094d00000| PB 0x0000000094d00000| Untracked 
| 334|0x0000000094e00000, 0x0000000094f00000, 0x0000000094f00000|100%| O|  |TAMS 0x0000000094e00000| PB 0x0000000094e00000| Untracked 
| 335|0x0000000094f00000, 0x0000000095000000, 0x0000000095000000|100%| O|  |TAMS 0x0000000094f00000| PB 0x0000000094f00000| Untracked 
| 336|0x0000000095000000, 0x0000000095100000, 0x0000000095100000|100%| O|  |TAMS 0x0000000095000000| PB 0x0000000095000000| Untracked 
| 337|0x0000000095100000, 0x0000000095200000, 0x0000000095200000|100%| O|  |TAMS 0x0000000095100000| PB 0x0000000095100000| Untracked 
| 338|0x0000000095200000, 0x0000000095300000, 0x0000000095300000|100%| O|  |TAMS 0x0000000095200000| PB 0x0000000095200000| Untracked 
| 339|0x0000000095300000, 0x0000000095400000, 0x0000000095400000|100%| O|  |TAMS 0x0000000095300000| PB 0x0000000095300000| Untracked 
| 340|0x0000000095400000, 0x0000000095500000, 0x0000000095500000|100%| O|  |TAMS 0x0000000095400000| PB 0x0000000095400000| Untracked 
| 341|0x0000000095500000, 0x00000000955f5640, 0x0000000095600000| 95%| O|  |TAMS 0x0000000095500000| PB 0x0000000095500000| Untracked 
| 342|0x0000000095600000, 0x0000000095600000, 0x0000000095700000|  0%| F|  |TAMS 0x0000000095600000| PB 0x0000000095600000| Untracked 
| 343|0x0000000095700000, 0x0000000095700000, 0x0000000095800000|  0%| F|  |TAMS 0x0000000095700000| PB 0x0000000095700000| Untracked 
| 344|0x0000000095800000, 0x0000000095800000, 0x0000000095900000|  0%| F|  |TAMS 0x0000000095800000| PB 0x0000000095800000| Untracked 
| 345|0x0000000095900000, 0x0000000095900000, 0x0000000095a00000|  0%| F|  |TAMS 0x0000000095900000| PB 0x0000000095900000| Untracked 
| 346|0x0000000095a00000, 0x0000000095a00000, 0x0000000095b00000|  0%| F|  |TAMS 0x0000000095a00000| PB 0x0000000095a00000| Untracked 
| 347|0x0000000095b00000, 0x0000000095b00000, 0x0000000095c00000|  0%| F|  |TAMS 0x0000000095b00000| PB 0x0000000095b00000| Untracked 
| 348|0x0000000095c00000, 0x0000000095c00000, 0x0000000095d00000|  0%| F|  |TAMS 0x0000000095c00000| PB 0x0000000095c00000| Untracked 
| 349|0x0000000095d00000, 0x0000000095d00000, 0x0000000095e00000|  0%| F|  |TAMS 0x0000000095d00000| PB 0x0000000095d00000| Untracked 
| 350|0x0000000095e00000, 0x0000000095e00000, 0x0000000095f00000|  0%| F|  |TAMS 0x0000000095e00000| PB 0x0000000095e00000| Untracked 
| 351|0x0000000095f00000, 0x0000000095f00000, 0x0000000096000000|  0%| F|  |TAMS 0x0000000095f00000| PB 0x0000000095f00000| Untracked 
| 352|0x0000000096000000, 0x0000000096000000, 0x0000000096100000|  0%| F|  |TAMS 0x0000000096000000| PB 0x0000000096000000| Untracked 
| 353|0x0000000096100000, 0x0000000096100000, 0x0000000096200000|  0%| F|  |TAMS 0x0000000096100000| PB 0x0000000096100000| Untracked 
| 354|0x0000000096200000, 0x0000000096200000, 0x0000000096300000|  0%| F|  |TAMS 0x0000000096200000| PB 0x0000000096200000| Untracked 
| 355|0x0000000096300000, 0x0000000096300000, 0x0000000096400000|  0%| F|  |TAMS 0x0000000096300000| PB 0x0000000096300000| Untracked 
| 356|0x0000000096400000, 0x0000000096400000, 0x0000000096500000|  0%| F|  |TAMS 0x0000000096400000| PB 0x0000000096400000| Untracked 
| 357|0x0000000096500000, 0x0000000096500000, 0x0000000096600000|  0%| F|  |TAMS 0x0000000096500000| PB 0x0000000096500000| Untracked 
| 358|0x0000000096600000, 0x0000000096600000, 0x0000000096700000|  0%| F|  |TAMS 0x0000000096600000| PB 0x0000000096600000| Untracked 
| 359|0x0000000096700000, 0x0000000096700000, 0x0000000096800000|  0%| F|  |TAMS 0x0000000096700000| PB 0x0000000096700000| Untracked 
| 360|0x0000000096800000, 0x0000000096800000, 0x0000000096900000|  0%| F|  |TAMS 0x0000000096800000| PB 0x0000000096800000| Untracked 
| 361|0x0000000096900000, 0x0000000096900000, 0x0000000096a00000|  0%| F|  |TAMS 0x0000000096900000| PB 0x0000000096900000| Untracked 
| 362|0x0000000096a00000, 0x0000000096a00000, 0x0000000096b00000|  0%| F|  |TAMS 0x0000000096a00000| PB 0x0000000096a00000| Untracked 
| 363|0x0000000096b00000, 0x0000000096b00000, 0x0000000096c00000|  0%| F|  |TAMS 0x0000000096b00000| PB 0x0000000096b00000| Untracked 
| 364|0x0000000096c00000, 0x0000000096c00000, 0x0000000096d00000|  0%| F|  |TAMS 0x0000000096c00000| PB 0x0000000096c00000| Untracked 
| 365|0x0000000096d00000, 0x0000000096d00000, 0x0000000096e00000|  0%| F|  |TAMS 0x0000000096d00000| PB 0x0000000096d00000| Untracked 
| 366|0x0000000096e00000, 0x0000000096e00000, 0x0000000096f00000|  0%| F|  |TAMS 0x0000000096e00000| PB 0x0000000096e00000| Untracked 
| 367|0x0000000096f00000, 0x0000000096f00000, 0x0000000097000000|  0%| F|  |TAMS 0x0000000096f00000| PB 0x0000000096f00000| Untracked 
| 368|0x0000000097000000, 0x0000000097100000, 0x0000000097100000|100%| S|CS|TAMS 0x0000000097000000| PB 0x0000000097000000| Complete 
| 369|0x0000000097100000, 0x0000000097200000, 0x0000000097200000|100%| S|CS|TAMS 0x0000000097100000| PB 0x0000000097100000| Complete 
| 370|0x0000000097200000, 0x0000000097200000, 0x0000000097300000|  0%| F|  |TAMS 0x0000000097200000| PB 0x0000000097200000| Untracked 
| 371|0x0000000097300000, 0x0000000097300000, 0x0000000097400000|  0%| F|  |TAMS 0x0000000097300000| PB 0x0000000097300000| Untracked 
| 372|0x0000000097400000, 0x0000000097400000, 0x0000000097500000|  0%| F|  |TAMS 0x0000000097400000| PB 0x0000000097400000| Untracked 
| 373|0x0000000097500000, 0x0000000097500000, 0x0000000097600000|  0%| F|  |TAMS 0x0000000097500000| PB 0x0000000097500000| Untracked 
| 374|0x0000000097600000, 0x0000000097600000, 0x0000000097700000|  0%| F|  |TAMS 0x0000000097600000| PB 0x0000000097600000| Untracked 
| 375|0x0000000097700000, 0x0000000097700000, 0x0000000097800000|  0%| F|  |TAMS 0x0000000097700000| PB 0x0000000097700000| Untracked 
| 376|0x0000000097800000, 0x0000000097800000, 0x0000000097900000|  0%| F|  |TAMS 0x0000000097800000| PB 0x0000000097800000| Untracked 
| 377|0x0000000097900000, 0x0000000097900000, 0x0000000097a00000|  0%| F|  |TAMS 0x0000000097900000| PB 0x0000000097900000| Untracked 
| 378|0x0000000097a00000, 0x0000000097a00000, 0x0000000097b00000|  0%| F|  |TAMS 0x0000000097a00000| PB 0x0000000097a00000| Untracked 
| 379|0x0000000097b00000, 0x0000000097b00000, 0x0000000097c00000|  0%| F|  |TAMS 0x0000000097b00000| PB 0x0000000097b00000| Untracked 
| 380|0x0000000097c00000, 0x0000000097c00000, 0x0000000097d00000|  0%| F|  |TAMS 0x0000000097c00000| PB 0x0000000097c00000| Untracked 
| 381|0x0000000097d00000, 0x0000000097d00000, 0x0000000097e00000|  0%| F|  |TAMS 0x0000000097d00000| PB 0x0000000097d00000| Untracked 
| 382|0x0000000097e00000, 0x0000000097e00000, 0x0000000097f00000|  0%| F|  |TAMS 0x0000000097e00000| PB 0x0000000097e00000| Untracked 
| 383|0x0000000097f00000, 0x0000000097f00000, 0x0000000098000000|  0%| F|  |TAMS 0x0000000097f00000| PB 0x0000000097f00000| Untracked 
| 384|0x0000000098000000, 0x0000000098000000, 0x0000000098100000|  0%| F|  |TAMS 0x0000000098000000| PB 0x0000000098000000| Untracked 
| 385|0x0000000098100000, 0x0000000098100000, 0x0000000098200000|  0%| F|  |TAMS 0x0000000098100000| PB 0x0000000098100000| Untracked 
| 386|0x0000000098200000, 0x0000000098200000, 0x0000000098300000|  0%| F|  |TAMS 0x0000000098200000| PB 0x0000000098200000| Untracked 
| 387|0x0000000098300000, 0x0000000098300000, 0x0000000098400000|  0%| F|  |TAMS 0x0000000098300000| PB 0x0000000098300000| Untracked 
| 388|0x0000000098400000, 0x0000000098400000, 0x0000000098500000|  0%| F|  |TAMS 0x0000000098400000| PB 0x0000000098400000| Untracked 
| 389|0x0000000098500000, 0x0000000098500000, 0x0000000098600000|  0%| F|  |TAMS 0x0000000098500000| PB 0x0000000098500000| Untracked 
| 390|0x0000000098600000, 0x0000000098600000, 0x0000000098700000|  0%| F|  |TAMS 0x0000000098600000| PB 0x0000000098600000| Untracked 
| 391|0x0000000098700000, 0x0000000098700000, 0x0000000098800000|  0%| F|  |TAMS 0x0000000098700000| PB 0x0000000098700000| Untracked 
| 392|0x0000000098800000, 0x0000000098800000, 0x0000000098900000|  0%| F|  |TAMS 0x0000000098800000| PB 0x0000000098800000| Untracked 
| 393|0x0000000098900000, 0x0000000098900000, 0x0000000098a00000|  0%| F|  |TAMS 0x0000000098900000| PB 0x0000000098900000| Untracked 
| 394|0x0000000098a00000, 0x0000000098a00000, 0x0000000098b00000|  0%| F|  |TAMS 0x0000000098a00000| PB 0x0000000098a00000| Untracked 
| 395|0x0000000098b00000, 0x0000000098b00000, 0x0000000098c00000|  0%| F|  |TAMS 0x0000000098b00000| PB 0x0000000098b00000| Untracked 
| 396|0x0000000098c00000, 0x0000000098c00000, 0x0000000098d00000|  0%| F|  |TAMS 0x0000000098c00000| PB 0x0000000098c00000| Untracked 
| 397|0x0000000098d00000, 0x0000000098d00000, 0x0000000098e00000|  0%| F|  |TAMS 0x0000000098d00000| PB 0x0000000098d00000| Untracked 
| 398|0x0000000098e00000, 0x0000000098e00000, 0x0000000098f00000|  0%| F|  |TAMS 0x0000000098e00000| PB 0x0000000098e00000| Untracked 
| 399|0x0000000098f00000, 0x0000000098f00000, 0x0000000099000000|  0%| F|  |TAMS 0x0000000098f00000| PB 0x0000000098f00000| Untracked 
| 400|0x0000000099000000, 0x0000000099000000, 0x0000000099100000|  0%| F|  |TAMS 0x0000000099000000| PB 0x0000000099000000| Untracked 
| 401|0x0000000099100000, 0x0000000099100000, 0x0000000099200000|  0%| F|  |TAMS 0x0000000099100000| PB 0x0000000099100000| Untracked 
| 402|0x0000000099200000, 0x0000000099200000, 0x0000000099300000|  0%| F|  |TAMS 0x0000000099200000| PB 0x0000000099200000| Untracked 
| 403|0x0000000099300000, 0x0000000099400000, 0x0000000099400000|100%| S|CS|TAMS 0x0000000099300000| PB 0x0000000099300000| Complete 
| 404|0x0000000099400000, 0x0000000099500000, 0x0000000099500000|100%| S|CS|TAMS 0x0000000099400000| PB 0x0000000099400000| Complete 
| 405|0x0000000099500000, 0x0000000099600000, 0x0000000099600000|100%| S|CS|TAMS 0x0000000099500000| PB 0x0000000099500000| Complete 
| 406|0x0000000099600000, 0x0000000099700000, 0x0000000099700000|100%| S|CS|TAMS 0x0000000099600000| PB 0x0000000099600000| Complete 
| 407|0x0000000099700000, 0x0000000099800000, 0x0000000099800000|100%| S|CS|TAMS 0x0000000099700000| PB 0x0000000099700000| Complete 
| 408|0x0000000099800000, 0x0000000099900000, 0x0000000099900000|100%| S|CS|TAMS 0x0000000099800000| PB 0x0000000099800000| Complete 
| 409|0x0000000099900000, 0x0000000099a00000, 0x0000000099a00000|100%| S|CS|TAMS 0x0000000099900000| PB 0x0000000099900000| Complete 
| 410|0x0000000099a00000, 0x0000000099b00000, 0x0000000099b00000|100%| S|CS|TAMS 0x0000000099a00000| PB 0x0000000099a00000| Complete 
| 411|0x0000000099b00000, 0x0000000099c00000, 0x0000000099c00000|100%| S|CS|TAMS 0x0000000099b00000| PB 0x0000000099b00000| Complete 
| 412|0x0000000099c00000, 0x0000000099d00000, 0x0000000099d00000|100%| S|CS|TAMS 0x0000000099c00000| PB 0x0000000099c00000| Complete 
| 413|0x0000000099d00000, 0x0000000099e00000, 0x0000000099e00000|100%| S|CS|TAMS 0x0000000099d00000| PB 0x0000000099d00000| Complete 
| 414|0x0000000099e00000, 0x0000000099f00000, 0x0000000099f00000|100%| S|CS|TAMS 0x0000000099e00000| PB 0x0000000099e00000| Complete 
| 415|0x0000000099f00000, 0x000000009a000000, 0x000000009a000000|100%| S|CS|TAMS 0x0000000099f00000| PB 0x0000000099f00000| Complete 
| 416|0x000000009a000000, 0x000000009a100000, 0x000000009a100000|100%| S|CS|TAMS 0x000000009a000000| PB 0x000000009a000000| Complete 
| 417|0x000000009a100000, 0x000000009a200000, 0x000000009a200000|100%| S|CS|TAMS 0x000000009a100000| PB 0x000000009a100000| Complete 
| 418|0x000000009a200000, 0x000000009a300000, 0x000000009a300000|100%| S|CS|TAMS 0x000000009a200000| PB 0x000000009a200000| Complete 
| 419|0x000000009a300000, 0x000000009a400000, 0x000000009a400000|100%| S|CS|TAMS 0x000000009a300000| PB 0x000000009a300000| Complete 
| 420|0x000000009a400000, 0x000000009a500000, 0x000000009a500000|100%| S|CS|TAMS 0x000000009a400000| PB 0x000000009a400000| Complete 
| 421|0x000000009a500000, 0x000000009a600000, 0x000000009a600000|100%| S|CS|TAMS 0x000000009a500000| PB 0x000000009a500000| Complete 
| 422|0x000000009a600000, 0x000000009a700000, 0x000000009a700000|100%| S|CS|TAMS 0x000000009a600000| PB 0x000000009a600000| Complete 
| 423|0x000000009a700000, 0x000000009a800000, 0x000000009a800000|100%| S|CS|TAMS 0x000000009a700000| PB 0x000000009a700000| Complete 
| 424|0x000000009a800000, 0x000000009a900000, 0x000000009a900000|100%| S|CS|TAMS 0x000000009a800000| PB 0x000000009a800000| Complete 
| 425|0x000000009a900000, 0x000000009aa00000, 0x000000009aa00000|100%| S|CS|TAMS 0x000000009a900000| PB 0x000000009a900000| Complete 
| 426|0x000000009aa00000, 0x000000009ab00000, 0x000000009ab00000|100%| S|CS|TAMS 0x000000009aa00000| PB 0x000000009aa00000| Complete 
| 427|0x000000009ab00000, 0x000000009ac00000, 0x000000009ac00000|100%| S|CS|TAMS 0x000000009ab00000| PB 0x000000009ab00000| Complete 
| 428|0x000000009ac00000, 0x000000009ac00000, 0x000000009ad00000|  0%| F|  |TAMS 0x000000009ac00000| PB 0x000000009ac00000| Untracked 
| 429|0x000000009ad00000, 0x000000009ad00000, 0x000000009ae00000|  0%| F|  |TAMS 0x000000009ad00000| PB 0x000000009ad00000| Untracked 
| 430|0x000000009ae00000, 0x000000009ae00000, 0x000000009af00000|  0%| F|  |TAMS 0x000000009ae00000| PB 0x000000009ae00000| Untracked 
| 431|0x000000009af00000, 0x000000009af00000, 0x000000009b000000|  0%| F|  |TAMS 0x000000009af00000| PB 0x000000009af00000| Untracked 
| 432|0x000000009b000000, 0x000000009b000000, 0x000000009b100000|  0%| F|  |TAMS 0x000000009b000000| PB 0x000000009b000000| Untracked 
| 433|0x000000009b100000, 0x000000009b100000, 0x000000009b200000|  0%| F|  |TAMS 0x000000009b100000| PB 0x000000009b100000| Untracked 
| 434|0x000000009b200000, 0x000000009b200000, 0x000000009b300000|  0%| F|  |TAMS 0x000000009b200000| PB 0x000000009b200000| Untracked 
| 435|0x000000009b300000, 0x000000009b300000, 0x000000009b400000|  0%| F|  |TAMS 0x000000009b300000| PB 0x000000009b300000| Untracked 
| 436|0x000000009b400000, 0x000000009b400000, 0x000000009b500000|  0%| F|  |TAMS 0x000000009b400000| PB 0x000000009b400000| Untracked 
| 437|0x000000009b500000, 0x000000009b500000, 0x000000009b600000|  0%| F|  |TAMS 0x000000009b500000| PB 0x000000009b500000| Untracked 
| 438|0x000000009b600000, 0x000000009b600000, 0x000000009b700000|  0%| F|  |TAMS 0x000000009b600000| PB 0x000000009b600000| Untracked 
| 439|0x000000009b700000, 0x000000009b700000, 0x000000009b800000|  0%| F|  |TAMS 0x000000009b700000| PB 0x000000009b700000| Untracked 
| 440|0x000000009b800000, 0x000000009b800000, 0x000000009b900000|  0%| F|  |TAMS 0x000000009b800000| PB 0x000000009b800000| Untracked 
| 441|0x000000009b900000, 0x000000009b900000, 0x000000009ba00000|  0%| F|  |TAMS 0x000000009b900000| PB 0x000000009b900000| Untracked 
| 442|0x000000009ba00000, 0x000000009ba00000, 0x000000009bb00000|  0%| F|  |TAMS 0x000000009ba00000| PB 0x000000009ba00000| Untracked 
| 443|0x000000009bb00000, 0x000000009bb00000, 0x000000009bc00000|  0%| F|  |TAMS 0x000000009bb00000| PB 0x000000009bb00000| Untracked 
| 444|0x000000009bc00000, 0x000000009bc00000, 0x000000009bd00000|  0%| F|  |TAMS 0x000000009bc00000| PB 0x000000009bc00000| Untracked 
| 445|0x000000009bd00000, 0x000000009bd00000, 0x000000009be00000|  0%| F|  |TAMS 0x000000009bd00000| PB 0x000000009bd00000| Untracked 
| 446|0x000000009be00000, 0x000000009be00000, 0x000000009bf00000|  0%| F|  |TAMS 0x000000009be00000| PB 0x000000009be00000| Untracked 
| 447|0x000000009bf00000, 0x000000009bf00000, 0x000000009c000000|  0%| F|  |TAMS 0x000000009bf00000| PB 0x000000009bf00000| Untracked 
| 448|0x000000009c000000, 0x000000009c000000, 0x000000009c100000|  0%| F|  |TAMS 0x000000009c000000| PB 0x000000009c000000| Untracked 
| 449|0x000000009c100000, 0x000000009c100000, 0x000000009c200000|  0%| F|  |TAMS 0x000000009c100000| PB 0x000000009c100000| Untracked 
| 450|0x000000009c200000, 0x000000009c200000, 0x000000009c300000|  0%| F|  |TAMS 0x000000009c200000| PB 0x000000009c200000| Untracked 
| 451|0x000000009c300000, 0x000000009c300000, 0x000000009c400000|  0%| F|  |TAMS 0x000000009c300000| PB 0x000000009c300000| Untracked 
| 452|0x000000009c400000, 0x000000009c400000, 0x000000009c500000|  0%| F|  |TAMS 0x000000009c400000| PB 0x000000009c400000| Untracked 
| 453|0x000000009c500000, 0x000000009c500000, 0x000000009c600000|  0%| F|  |TAMS 0x000000009c500000| PB 0x000000009c500000| Untracked 
| 454|0x000000009c600000, 0x000000009c600000, 0x000000009c700000|  0%| F|  |TAMS 0x000000009c600000| PB 0x000000009c600000| Untracked 
| 455|0x000000009c700000, 0x000000009c700000, 0x000000009c800000|  0%| F|  |TAMS 0x000000009c700000| PB 0x000000009c700000| Untracked 
| 456|0x000000009c800000, 0x000000009c800000, 0x000000009c900000|  0%| F|  |TAMS 0x000000009c800000| PB 0x000000009c800000| Untracked 
| 457|0x000000009c900000, 0x000000009c900000, 0x000000009ca00000|  0%| F|  |TAMS 0x000000009c900000| PB 0x000000009c900000| Untracked 
| 458|0x000000009ca00000, 0x000000009ca00000, 0x000000009cb00000|  0%| F|  |TAMS 0x000000009ca00000| PB 0x000000009ca00000| Untracked 
| 459|0x000000009cb00000, 0x000000009cb00000, 0x000000009cc00000|  0%| F|  |TAMS 0x000000009cb00000| PB 0x000000009cb00000| Untracked 
| 460|0x000000009cc00000, 0x000000009cc00000, 0x000000009cd00000|  0%| F|  |TAMS 0x000000009cc00000| PB 0x000000009cc00000| Untracked 
| 461|0x000000009cd00000, 0x000000009cd00000, 0x000000009ce00000|  0%| F|  |TAMS 0x000000009cd00000| PB 0x000000009cd00000| Untracked 
| 462|0x000000009ce00000, 0x000000009ce00000, 0x000000009cf00000|  0%| F|  |TAMS 0x000000009ce00000| PB 0x000000009ce00000| Untracked 
| 463|0x000000009cf00000, 0x000000009cf00000, 0x000000009d000000|  0%| F|  |TAMS 0x000000009cf00000| PB 0x000000009cf00000| Untracked 
| 464|0x000000009d000000, 0x000000009d000000, 0x000000009d100000|  0%| F|  |TAMS 0x000000009d000000| PB 0x000000009d000000| Untracked 
| 465|0x000000009d100000, 0x000000009d100000, 0x000000009d200000|  0%| F|  |TAMS 0x000000009d100000| PB 0x000000009d100000| Untracked 
| 466|0x000000009d200000, 0x000000009d200000, 0x000000009d300000|  0%| F|  |TAMS 0x000000009d200000| PB 0x000000009d200000| Untracked 
| 467|0x000000009d300000, 0x000000009d300000, 0x000000009d400000|  0%| F|  |TAMS 0x000000009d300000| PB 0x000000009d300000| Untracked 
| 468|0x000000009d400000, 0x000000009d400000, 0x000000009d500000|  0%| F|  |TAMS 0x000000009d400000| PB 0x000000009d400000| Untracked 
| 469|0x000000009d500000, 0x000000009d500000, 0x000000009d600000|  0%| F|  |TAMS 0x000000009d500000| PB 0x000000009d500000| Untracked 
| 470|0x000000009d600000, 0x000000009d600000, 0x000000009d700000|  0%| F|  |TAMS 0x000000009d600000| PB 0x000000009d600000| Untracked 
| 471|0x000000009d700000, 0x000000009d700000, 0x000000009d800000|  0%| F|  |TAMS 0x000000009d700000| PB 0x000000009d700000| Untracked 
| 472|0x000000009d800000, 0x000000009d800000, 0x000000009d900000|  0%| F|  |TAMS 0x000000009d800000| PB 0x000000009d800000| Untracked 
| 473|0x000000009d900000, 0x000000009d900000, 0x000000009da00000|  0%| F|  |TAMS 0x000000009d900000| PB 0x000000009d900000| Untracked 
| 474|0x000000009da00000, 0x000000009da00000, 0x000000009db00000|  0%| F|  |TAMS 0x000000009da00000| PB 0x000000009da00000| Untracked 
| 475|0x000000009db00000, 0x000000009db00000, 0x000000009dc00000|  0%| F|  |TAMS 0x000000009db00000| PB 0x000000009db00000| Untracked 
| 476|0x000000009dc00000, 0x000000009dc00000, 0x000000009dd00000|  0%| F|  |TAMS 0x000000009dc00000| PB 0x000000009dc00000| Untracked 
| 477|0x000000009dd00000, 0x000000009dd00000, 0x000000009de00000|  0%| F|  |TAMS 0x000000009dd00000| PB 0x000000009dd00000| Untracked 
| 478|0x000000009de00000, 0x000000009de00000, 0x000000009df00000|  0%| F|  |TAMS 0x000000009de00000| PB 0x000000009de00000| Untracked 
| 479|0x000000009df00000, 0x000000009df00000, 0x000000009e000000|  0%| F|  |TAMS 0x000000009df00000| PB 0x000000009df00000| Untracked 
| 480|0x000000009e000000, 0x000000009e000000, 0x000000009e100000|  0%| F|  |TAMS 0x000000009e000000| PB 0x000000009e000000| Untracked 
| 481|0x000000009e100000, 0x000000009e100000, 0x000000009e200000|  0%| F|  |TAMS 0x000000009e100000| PB 0x000000009e100000| Untracked 
| 482|0x000000009e200000, 0x000000009e200000, 0x000000009e300000|  0%| F|  |TAMS 0x000000009e200000| PB 0x000000009e200000| Untracked 
| 483|0x000000009e300000, 0x000000009e300000, 0x000000009e400000|  0%| F|  |TAMS 0x000000009e300000| PB 0x000000009e300000| Untracked 
| 484|0x000000009e400000, 0x000000009e400000, 0x000000009e500000|  0%| F|  |TAMS 0x000000009e400000| PB 0x000000009e400000| Untracked 
| 485|0x000000009e500000, 0x000000009e500000, 0x000000009e600000|  0%| F|  |TAMS 0x000000009e500000| PB 0x000000009e500000| Untracked 
| 486|0x000000009e600000, 0x000000009e600000, 0x000000009e700000|  0%| F|  |TAMS 0x000000009e600000| PB 0x000000009e600000| Untracked 
| 487|0x000000009e700000, 0x000000009e700000, 0x000000009e800000|  0%| F|  |TAMS 0x000000009e700000| PB 0x000000009e700000| Untracked 
| 488|0x000000009e800000, 0x000000009e800000, 0x000000009e900000|  0%| F|  |TAMS 0x000000009e800000| PB 0x000000009e800000| Untracked 
| 489|0x000000009e900000, 0x000000009e900000, 0x000000009ea00000|  0%| F|  |TAMS 0x000000009e900000| PB 0x000000009e900000| Untracked 
| 490|0x000000009ea00000, 0x000000009ea00000, 0x000000009eb00000|  0%| F|  |TAMS 0x000000009ea00000| PB 0x000000009ea00000| Untracked 
| 491|0x000000009eb00000, 0x000000009eb00000, 0x000000009ec00000|  0%| F|  |TAMS 0x000000009eb00000| PB 0x000000009eb00000| Untracked 
| 492|0x000000009ec00000, 0x000000009ec00000, 0x000000009ed00000|  0%| F|  |TAMS 0x000000009ec00000| PB 0x000000009ec00000| Untracked 
| 493|0x000000009ed00000, 0x000000009ed00000, 0x000000009ee00000|  0%| F|  |TAMS 0x000000009ed00000| PB 0x000000009ed00000| Untracked 
| 494|0x000000009ee00000, 0x000000009ee00000, 0x000000009ef00000|  0%| F|  |TAMS 0x000000009ee00000| PB 0x000000009ee00000| Untracked 
| 495|0x000000009ef00000, 0x000000009ef00000, 0x000000009f000000|  0%| F|  |TAMS 0x000000009ef00000| PB 0x000000009ef00000| Untracked 
| 496|0x000000009f000000, 0x000000009f000000, 0x000000009f100000|  0%| F|  |TAMS 0x000000009f000000| PB 0x000000009f000000| Untracked 
| 497|0x000000009f100000, 0x000000009f100000, 0x000000009f200000|  0%| F|  |TAMS 0x000000009f100000| PB 0x000000009f100000| Untracked 
| 498|0x000000009f200000, 0x000000009f200000, 0x000000009f300000|  0%| F|  |TAMS 0x000000009f200000| PB 0x000000009f200000| Untracked 
| 499|0x000000009f300000, 0x000000009f300000, 0x000000009f400000|  0%| F|  |TAMS 0x000000009f300000| PB 0x000000009f300000| Untracked 
| 500|0x000000009f400000, 0x000000009f400000, 0x000000009f500000|  0%| F|  |TAMS 0x000000009f400000| PB 0x000000009f400000| Untracked 
| 501|0x000000009f500000, 0x000000009f500000, 0x000000009f600000|  0%| F|  |TAMS 0x000000009f500000| PB 0x000000009f500000| Untracked 
| 502|0x000000009f600000, 0x000000009f600000, 0x000000009f700000|  0%| F|  |TAMS 0x000000009f600000| PB 0x000000009f600000| Untracked 
| 503|0x000000009f700000, 0x000000009f700000, 0x000000009f800000|  0%| F|  |TAMS 0x000000009f700000| PB 0x000000009f700000| Untracked 
| 504|0x000000009f800000, 0x000000009f800000, 0x000000009f900000|  0%| F|  |TAMS 0x000000009f800000| PB 0x000000009f800000| Untracked 
| 505|0x000000009f900000, 0x000000009f900000, 0x000000009fa00000|  0%| F|  |TAMS 0x000000009f900000| PB 0x000000009f900000| Untracked 
| 506|0x000000009fa00000, 0x000000009fa00000, 0x000000009fb00000|  0%| F|  |TAMS 0x000000009fa00000| PB 0x000000009fa00000| Untracked 
| 507|0x000000009fb00000, 0x000000009fb00000, 0x000000009fc00000|  0%| F|  |TAMS 0x000000009fb00000| PB 0x000000009fb00000| Untracked 
| 508|0x000000009fc00000, 0x000000009fc00000, 0x000000009fd00000|  0%| F|  |TAMS 0x000000009fc00000| PB 0x000000009fc00000| Untracked 
| 509|0x000000009fd00000, 0x000000009fd00000, 0x000000009fe00000|  0%| F|  |TAMS 0x000000009fd00000| PB 0x000000009fd00000| Untracked 
| 510|0x000000009fe00000, 0x000000009fe00000, 0x000000009ff00000|  0%| F|  |TAMS 0x000000009fe00000| PB 0x000000009fe00000| Untracked 
| 511|0x000000009ff00000, 0x000000009ff00000, 0x00000000a0000000|  0%| F|  |TAMS 0x000000009ff00000| PB 0x000000009ff00000| Untracked 
| 512|0x00000000a0000000, 0x00000000a0000000, 0x00000000a0100000|  0%| F|  |TAMS 0x00000000a0000000| PB 0x00000000a0000000| Untracked 
| 513|0x00000000a0100000, 0x00000000a0100000, 0x00000000a0200000|  0%| F|  |TAMS 0x00000000a0100000| PB 0x00000000a0100000| Untracked 
| 514|0x00000000a0200000, 0x00000000a0200000, 0x00000000a0300000|  0%| F|  |TAMS 0x00000000a0200000| PB 0x00000000a0200000| Untracked 
| 515|0x00000000a0300000, 0x00000000a0300000, 0x00000000a0400000|  0%| F|  |TAMS 0x00000000a0300000| PB 0x00000000a0300000| Untracked 
| 516|0x00000000a0400000, 0x00000000a0400000, 0x00000000a0500000|  0%| F|  |TAMS 0x00000000a0400000| PB 0x00000000a0400000| Untracked 
| 517|0x00000000a0500000, 0x00000000a0500000, 0x00000000a0600000|  0%| F|  |TAMS 0x00000000a0500000| PB 0x00000000a0500000| Untracked 
| 518|0x00000000a0600000, 0x00000000a0600000, 0x00000000a0700000|  0%| F|  |TAMS 0x00000000a0600000| PB 0x00000000a0600000| Untracked 
| 519|0x00000000a0700000, 0x00000000a0700000, 0x00000000a0800000|  0%| F|  |TAMS 0x00000000a0700000| PB 0x00000000a0700000| Untracked 
| 520|0x00000000a0800000, 0x00000000a0800000, 0x00000000a0900000|  0%| F|  |TAMS 0x00000000a0800000| PB 0x00000000a0800000| Untracked 
| 521|0x00000000a0900000, 0x00000000a0900000, 0x00000000a0a00000|  0%| F|  |TAMS 0x00000000a0900000| PB 0x00000000a0900000| Untracked 
| 522|0x00000000a0a00000, 0x00000000a0a00000, 0x00000000a0b00000|  0%| F|  |TAMS 0x00000000a0a00000| PB 0x00000000a0a00000| Untracked 
| 523|0x00000000a0b00000, 0x00000000a0b00000, 0x00000000a0c00000|  0%| F|  |TAMS 0x00000000a0b00000| PB 0x00000000a0b00000| Untracked 
| 524|0x00000000a0c00000, 0x00000000a0c00000, 0x00000000a0d00000|  0%| F|  |TAMS 0x00000000a0c00000| PB 0x00000000a0c00000| Untracked 
| 525|0x00000000a0d00000, 0x00000000a0d00000, 0x00000000a0e00000|  0%| F|  |TAMS 0x00000000a0d00000| PB 0x00000000a0d00000| Untracked 
| 526|0x00000000a0e00000, 0x00000000a0e00000, 0x00000000a0f00000|  0%| F|  |TAMS 0x00000000a0e00000| PB 0x00000000a0e00000| Untracked 
| 527|0x00000000a0f00000, 0x00000000a0f00000, 0x00000000a1000000|  0%| F|  |TAMS 0x00000000a0f00000| PB 0x00000000a0f00000| Untracked 
| 528|0x00000000a1000000, 0x00000000a1000000, 0x00000000a1100000|  0%| F|  |TAMS 0x00000000a1000000| PB 0x00000000a1000000| Untracked 
| 529|0x00000000a1100000, 0x00000000a1100000, 0x00000000a1200000|  0%| F|  |TAMS 0x00000000a1100000| PB 0x00000000a1100000| Untracked 
| 530|0x00000000a1200000, 0x00000000a1200000, 0x00000000a1300000|  0%| F|  |TAMS 0x00000000a1200000| PB 0x00000000a1200000| Untracked 
| 531|0x00000000a1300000, 0x00000000a1300000, 0x00000000a1400000|  0%| F|  |TAMS 0x00000000a1300000| PB 0x00000000a1300000| Untracked 
| 532|0x00000000a1400000, 0x00000000a1400000, 0x00000000a1500000|  0%| F|  |TAMS 0x00000000a1400000| PB 0x00000000a1400000| Untracked 
| 533|0x00000000a1500000, 0x00000000a1500000, 0x00000000a1600000|  0%| F|  |TAMS 0x00000000a1500000| PB 0x00000000a1500000| Untracked 
| 534|0x00000000a1600000, 0x00000000a1600000, 0x00000000a1700000|  0%| F|  |TAMS 0x00000000a1600000| PB 0x00000000a1600000| Untracked 
| 535|0x00000000a1700000, 0x00000000a1700000, 0x00000000a1800000|  0%| F|  |TAMS 0x00000000a1700000| PB 0x00000000a1700000| Untracked 
| 536|0x00000000a1800000, 0x00000000a1800000, 0x00000000a1900000|  0%| F|  |TAMS 0x00000000a1800000| PB 0x00000000a1800000| Untracked 
| 537|0x00000000a1900000, 0x00000000a1900000, 0x00000000a1a00000|  0%| F|  |TAMS 0x00000000a1900000| PB 0x00000000a1900000| Untracked 
| 538|0x00000000a1a00000, 0x00000000a1a00000, 0x00000000a1b00000|  0%| F|  |TAMS 0x00000000a1a00000| PB 0x00000000a1a00000| Untracked 
| 539|0x00000000a1b00000, 0x00000000a1b00000, 0x00000000a1c00000|  0%| F|  |TAMS 0x00000000a1b00000| PB 0x00000000a1b00000| Untracked 
| 540|0x00000000a1c00000, 0x00000000a1c00000, 0x00000000a1d00000|  0%| F|  |TAMS 0x00000000a1c00000| PB 0x00000000a1c00000| Untracked 
| 541|0x00000000a1d00000, 0x00000000a1d00000, 0x00000000a1e00000|  0%| F|  |TAMS 0x00000000a1d00000| PB 0x00000000a1d00000| Untracked 
| 542|0x00000000a1e00000, 0x00000000a1e00000, 0x00000000a1f00000|  0%| F|  |TAMS 0x00000000a1e00000| PB 0x00000000a1e00000| Untracked 
| 543|0x00000000a1f00000, 0x00000000a1f00000, 0x00000000a2000000|  0%| F|  |TAMS 0x00000000a1f00000| PB 0x00000000a1f00000| Untracked 
| 544|0x00000000a2000000, 0x00000000a2000000, 0x00000000a2100000|  0%| F|  |TAMS 0x00000000a2000000| PB 0x00000000a2000000| Untracked 
| 545|0x00000000a2100000, 0x00000000a2100000, 0x00000000a2200000|  0%| F|  |TAMS 0x00000000a2100000| PB 0x00000000a2100000| Untracked 
| 546|0x00000000a2200000, 0x00000000a2200000, 0x00000000a2300000|  0%| F|  |TAMS 0x00000000a2200000| PB 0x00000000a2200000| Untracked 
| 547|0x00000000a2300000, 0x00000000a2300000, 0x00000000a2400000|  0%| F|  |TAMS 0x00000000a2300000| PB 0x00000000a2300000| Untracked 
| 548|0x00000000a2400000, 0x00000000a2400000, 0x00000000a2500000|  0%| F|  |TAMS 0x00000000a2400000| PB 0x00000000a2400000| Untracked 
| 549|0x00000000a2500000, 0x00000000a2500000, 0x00000000a2600000|  0%| F|  |TAMS 0x00000000a2500000| PB 0x00000000a2500000| Untracked 
| 550|0x00000000a2600000, 0x00000000a2600000, 0x00000000a2700000|  0%| F|  |TAMS 0x00000000a2600000| PB 0x00000000a2600000| Untracked 
| 551|0x00000000a2700000, 0x00000000a2700000, 0x00000000a2800000|  0%| F|  |TAMS 0x00000000a2700000| PB 0x00000000a2700000| Untracked 
| 552|0x00000000a2800000, 0x00000000a2800000, 0x00000000a2900000|  0%| F|  |TAMS 0x00000000a2800000| PB 0x00000000a2800000| Untracked 
| 553|0x00000000a2900000, 0x00000000a2900000, 0x00000000a2a00000|  0%| F|  |TAMS 0x00000000a2900000| PB 0x00000000a2900000| Untracked 
| 554|0x00000000a2a00000, 0x00000000a2a00000, 0x00000000a2b00000|  0%| F|  |TAMS 0x00000000a2a00000| PB 0x00000000a2a00000| Untracked 
| 555|0x00000000a2b00000, 0x00000000a2b00000, 0x00000000a2c00000|  0%| F|  |TAMS 0x00000000a2b00000| PB 0x00000000a2b00000| Untracked 
| 556|0x00000000a2c00000, 0x00000000a2c00000, 0x00000000a2d00000|  0%| F|  |TAMS 0x00000000a2c00000| PB 0x00000000a2c00000| Untracked 
| 557|0x00000000a2d00000, 0x00000000a2d00000, 0x00000000a2e00000|  0%| F|  |TAMS 0x00000000a2d00000| PB 0x00000000a2d00000| Untracked 
| 558|0x00000000a2e00000, 0x00000000a2e00000, 0x00000000a2f00000|  0%| F|  |TAMS 0x00000000a2e00000| PB 0x00000000a2e00000| Untracked 
| 559|0x00000000a2f00000, 0x00000000a2f00000, 0x00000000a3000000|  0%| F|  |TAMS 0x00000000a2f00000| PB 0x00000000a2f00000| Untracked 
| 560|0x00000000a3000000, 0x00000000a3000000, 0x00000000a3100000|  0%| F|  |TAMS 0x00000000a3000000| PB 0x00000000a3000000| Untracked 
| 561|0x00000000a3100000, 0x00000000a3100000, 0x00000000a3200000|  0%| F|  |TAMS 0x00000000a3100000| PB 0x00000000a3100000| Untracked 
| 562|0x00000000a3200000, 0x00000000a3200000, 0x00000000a3300000|  0%| F|  |TAMS 0x00000000a3200000| PB 0x00000000a3200000| Untracked 
| 563|0x00000000a3300000, 0x00000000a3300000, 0x00000000a3400000|  0%| F|  |TAMS 0x00000000a3300000| PB 0x00000000a3300000| Untracked 
| 564|0x00000000a3400000, 0x00000000a3400000, 0x00000000a3500000|  0%| F|  |TAMS 0x00000000a3400000| PB 0x00000000a3400000| Untracked 
| 565|0x00000000a3500000, 0x00000000a3500000, 0x00000000a3600000|  0%| F|  |TAMS 0x00000000a3500000| PB 0x00000000a3500000| Untracked 
| 566|0x00000000a3600000, 0x00000000a3600000, 0x00000000a3700000|  0%| F|  |TAMS 0x00000000a3600000| PB 0x00000000a3600000| Untracked 
| 567|0x00000000a3700000, 0x00000000a3700000, 0x00000000a3800000|  0%| F|  |TAMS 0x00000000a3700000| PB 0x00000000a3700000| Untracked 
| 568|0x00000000a3800000, 0x00000000a3800000, 0x00000000a3900000|  0%| F|  |TAMS 0x00000000a3800000| PB 0x00000000a3800000| Untracked 
| 569|0x00000000a3900000, 0x00000000a3900000, 0x00000000a3a00000|  0%| F|  |TAMS 0x00000000a3900000| PB 0x00000000a3900000| Untracked 
| 570|0x00000000a3a00000, 0x00000000a3a00000, 0x00000000a3b00000|  0%| F|  |TAMS 0x00000000a3a00000| PB 0x00000000a3a00000| Untracked 
| 571|0x00000000a3b00000, 0x00000000a3b00000, 0x00000000a3c00000|  0%| F|  |TAMS 0x00000000a3b00000| PB 0x00000000a3b00000| Untracked 
| 572|0x00000000a3c00000, 0x00000000a3c00000, 0x00000000a3d00000|  0%| F|  |TAMS 0x00000000a3c00000| PB 0x00000000a3c00000| Untracked 
| 573|0x00000000a3d00000, 0x00000000a3d00000, 0x00000000a3e00000|  0%| F|  |TAMS 0x00000000a3d00000| PB 0x00000000a3d00000| Untracked 
| 574|0x00000000a3e00000, 0x00000000a3e00000, 0x00000000a3f00000|  0%| F|  |TAMS 0x00000000a3e00000| PB 0x00000000a3e00000| Untracked 
| 575|0x00000000a3f00000, 0x00000000a3f00000, 0x00000000a4000000|  0%| F|  |TAMS 0x00000000a3f00000| PB 0x00000000a3f00000| Untracked 
| 576|0x00000000a4000000, 0x00000000a4000000, 0x00000000a4100000|  0%| F|  |TAMS 0x00000000a4000000| PB 0x00000000a4000000| Untracked 
| 577|0x00000000a4100000, 0x00000000a4100000, 0x00000000a4200000|  0%| F|  |TAMS 0x00000000a4100000| PB 0x00000000a4100000| Untracked 
| 578|0x00000000a4200000, 0x00000000a4200000, 0x00000000a4300000|  0%| F|  |TAMS 0x00000000a4200000| PB 0x00000000a4200000| Untracked 
| 579|0x00000000a4300000, 0x00000000a4300000, 0x00000000a4400000|  0%| F|  |TAMS 0x00000000a4300000| PB 0x00000000a4300000| Untracked 
| 580|0x00000000a4400000, 0x00000000a4400000, 0x00000000a4500000|  0%| F|  |TAMS 0x00000000a4400000| PB 0x00000000a4400000| Untracked 
| 581|0x00000000a4500000, 0x00000000a4500000, 0x00000000a4600000|  0%| F|  |TAMS 0x00000000a4500000| PB 0x00000000a4500000| Untracked 
| 582|0x00000000a4600000, 0x00000000a4600000, 0x00000000a4700000|  0%| F|  |TAMS 0x00000000a4600000| PB 0x00000000a4600000| Untracked 
| 583|0x00000000a4700000, 0x00000000a4700000, 0x00000000a4800000|  0%| F|  |TAMS 0x00000000a4700000| PB 0x00000000a4700000| Untracked 
| 584|0x00000000a4800000, 0x00000000a4800000, 0x00000000a4900000|  0%| F|  |TAMS 0x00000000a4800000| PB 0x00000000a4800000| Untracked 
| 585|0x00000000a4900000, 0x00000000a4900000, 0x00000000a4a00000|  0%| F|  |TAMS 0x00000000a4900000| PB 0x00000000a4900000| Untracked 
| 586|0x00000000a4a00000, 0x00000000a4a00000, 0x00000000a4b00000|  0%| F|  |TAMS 0x00000000a4a00000| PB 0x00000000a4a00000| Untracked 
| 587|0x00000000a4b00000, 0x00000000a4b00000, 0x00000000a4c00000|  0%| F|  |TAMS 0x00000000a4b00000| PB 0x00000000a4b00000| Untracked 
| 588|0x00000000a4c00000, 0x00000000a4c00000, 0x00000000a4d00000|  0%| F|  |TAMS 0x00000000a4c00000| PB 0x00000000a4c00000| Untracked 
| 589|0x00000000a4d00000, 0x00000000a4d00000, 0x00000000a4e00000|  0%| F|  |TAMS 0x00000000a4d00000| PB 0x00000000a4d00000| Untracked 
| 590|0x00000000a4e00000, 0x00000000a4e00000, 0x00000000a4f00000|  0%| F|  |TAMS 0x00000000a4e00000| PB 0x00000000a4e00000| Untracked 
| 591|0x00000000a4f00000, 0x00000000a4f00000, 0x00000000a5000000|  0%| F|  |TAMS 0x00000000a4f00000| PB 0x00000000a4f00000| Untracked 
| 592|0x00000000a5000000, 0x00000000a5000000, 0x00000000a5100000|  0%| F|  |TAMS 0x00000000a5000000| PB 0x00000000a5000000| Untracked 
| 593|0x00000000a5100000, 0x00000000a5100000, 0x00000000a5200000|  0%| F|  |TAMS 0x00000000a5100000| PB 0x00000000a5100000| Untracked 
| 594|0x00000000a5200000, 0x00000000a5200000, 0x00000000a5300000|  0%| F|  |TAMS 0x00000000a5200000| PB 0x00000000a5200000| Untracked 
| 595|0x00000000a5300000, 0x00000000a5300000, 0x00000000a5400000|  0%| F|  |TAMS 0x00000000a5300000| PB 0x00000000a5300000| Untracked 
| 596|0x00000000a5400000, 0x00000000a5400000, 0x00000000a5500000|  0%| F|  |TAMS 0x00000000a5400000| PB 0x00000000a5400000| Untracked 
| 597|0x00000000a5500000, 0x00000000a5500000, 0x00000000a5600000|  0%| F|  |TAMS 0x00000000a5500000| PB 0x00000000a5500000| Untracked 
| 598|0x00000000a5600000, 0x00000000a5600000, 0x00000000a5700000|  0%| F|  |TAMS 0x00000000a5600000| PB 0x00000000a5600000| Untracked 
| 599|0x00000000a5700000, 0x00000000a5700000, 0x00000000a5800000|  0%| F|  |TAMS 0x00000000a5700000| PB 0x00000000a5700000| Untracked 
| 600|0x00000000a5800000, 0x00000000a5800000, 0x00000000a5900000|  0%| F|  |TAMS 0x00000000a5800000| PB 0x00000000a5800000| Untracked 
| 601|0x00000000a5900000, 0x00000000a5900000, 0x00000000a5a00000|  0%| F|  |TAMS 0x00000000a5900000| PB 0x00000000a5900000| Untracked 
| 602|0x00000000a5a00000, 0x00000000a5a00000, 0x00000000a5b00000|  0%| F|  |TAMS 0x00000000a5a00000| PB 0x00000000a5a00000| Untracked 
| 603|0x00000000a5b00000, 0x00000000a5b00000, 0x00000000a5c00000|  0%| F|  |TAMS 0x00000000a5b00000| PB 0x00000000a5b00000| Untracked 
| 604|0x00000000a5c00000, 0x00000000a5d00000, 0x00000000a5d00000|100%| E|  |TAMS 0x00000000a5c00000| PB 0x00000000a5c00000| Complete 
| 605|0x00000000a5d00000, 0x00000000a5e00000, 0x00000000a5e00000|100%| E|CS|TAMS 0x00000000a5d00000| PB 0x00000000a5d00000| Complete 
| 606|0x00000000a5e00000, 0x00000000a5f00000, 0x00000000a5f00000|100%| E|CS|TAMS 0x00000000a5e00000| PB 0x00000000a5e00000| Complete 
| 607|0x00000000a5f00000, 0x00000000a6000000, 0x00000000a6000000|100%| E|CS|TAMS 0x00000000a5f00000| PB 0x00000000a5f00000| Complete 
| 608|0x00000000a6000000, 0x00000000a6100000, 0x00000000a6100000|100%| E|CS|TAMS 0x00000000a6000000| PB 0x00000000a6000000| Complete 
| 609|0x00000000a6100000, 0x00000000a6200000, 0x00000000a6200000|100%| E|CS|TAMS 0x00000000a6100000| PB 0x00000000a6100000| Complete 
| 610|0x00000000a6200000, 0x00000000a6300000, 0x00000000a6300000|100%| E|CS|TAMS 0x00000000a6200000| PB 0x00000000a6200000| Complete 
| 611|0x00000000a6300000, 0x00000000a6400000, 0x00000000a6400000|100%| E|CS|TAMS 0x00000000a6300000| PB 0x00000000a6300000| Complete 
| 612|0x00000000a6400000, 0x00000000a6500000, 0x00000000a6500000|100%| E|CS|TAMS 0x00000000a6400000| PB 0x00000000a6400000| Complete 
| 613|0x00000000a6500000, 0x00000000a6600000, 0x00000000a6600000|100%| E|CS|TAMS 0x00000000a6500000| PB 0x00000000a6500000| Complete 
| 614|0x00000000a6600000, 0x00000000a6700000, 0x00000000a6700000|100%| E|CS|TAMS 0x00000000a6600000| PB 0x00000000a6600000| Complete 
| 615|0x00000000a6700000, 0x00000000a6800000, 0x00000000a6800000|100%| E|CS|TAMS 0x00000000a6700000| PB 0x00000000a6700000| Complete 
| 616|0x00000000a6800000, 0x00000000a6900000, 0x00000000a6900000|100%| E|CS|TAMS 0x00000000a6800000| PB 0x00000000a6800000| Complete 
| 617|0x00000000a6900000, 0x00000000a6a00000, 0x00000000a6a00000|100%| E|CS|TAMS 0x00000000a6900000| PB 0x00000000a6900000| Complete 
| 618|0x00000000a6a00000, 0x00000000a6b00000, 0x00000000a6b00000|100%| E|CS|TAMS 0x00000000a6a00000| PB 0x00000000a6a00000| Complete 
| 619|0x00000000a6b00000, 0x00000000a6c00000, 0x00000000a6c00000|100%| E|CS|TAMS 0x00000000a6b00000| PB 0x00000000a6b00000| Complete 
| 620|0x00000000a6c00000, 0x00000000a6d00000, 0x00000000a6d00000|100%| E|CS|TAMS 0x00000000a6c00000| PB 0x00000000a6c00000| Complete 
| 621|0x00000000a6d00000, 0x00000000a6e00000, 0x00000000a6e00000|100%| E|CS|TAMS 0x00000000a6d00000| PB 0x00000000a6d00000| Complete 
| 622|0x00000000a6e00000, 0x00000000a6f00000, 0x00000000a6f00000|100%| E|CS|TAMS 0x00000000a6e00000| PB 0x00000000a6e00000| Complete 
| 623|0x00000000a6f00000, 0x00000000a7000000, 0x00000000a7000000|100%| E|CS|TAMS 0x00000000a6f00000| PB 0x00000000a6f00000| Complete 
| 624|0x00000000a7000000, 0x00000000a7100000, 0x00000000a7100000|100%| E|CS|TAMS 0x00000000a7000000| PB 0x00000000a7000000| Complete 
| 625|0x00000000a7100000, 0x00000000a7200000, 0x00000000a7200000|100%| E|CS|TAMS 0x00000000a7100000| PB 0x00000000a7100000| Complete 
| 626|0x00000000a7200000, 0x00000000a7300000, 0x00000000a7300000|100%| E|CS|TAMS 0x00000000a7200000| PB 0x00000000a7200000| Complete 
| 627|0x00000000a7300000, 0x00000000a7400000, 0x00000000a7400000|100%| E|CS|TAMS 0x00000000a7300000| PB 0x00000000a7300000| Complete 
| 628|0x00000000a7400000, 0x00000000a7500000, 0x00000000a7500000|100%| E|CS|TAMS 0x00000000a7400000| PB 0x00000000a7400000| Complete 
| 629|0x00000000a7500000, 0x00000000a7600000, 0x00000000a7600000|100%| E|CS|TAMS 0x00000000a7500000| PB 0x00000000a7500000| Complete 
| 630|0x00000000a7600000, 0x00000000a7700000, 0x00000000a7700000|100%| E|CS|TAMS 0x00000000a7600000| PB 0x00000000a7600000| Complete 
| 631|0x00000000a7700000, 0x00000000a7800000, 0x00000000a7800000|100%| E|CS|TAMS 0x00000000a7700000| PB 0x00000000a7700000| Complete 
| 632|0x00000000a7800000, 0x00000000a7900000, 0x00000000a7900000|100%| E|CS|TAMS 0x00000000a7800000| PB 0x00000000a7800000| Complete 
|2014|0x00000000fde00000, 0x00000000fdf00000, 0x00000000fdf00000|100%| O|  |TAMS 0x00000000fde00000| PB 0x00000000fde00000| Untracked 
|2015|0x00000000fdf00000, 0x00000000fe000000, 0x00000000fe000000|100%| E|CS|TAMS 0x00000000fdf00000| PB 0x00000000fdf00000| Complete 
|2016|0x00000000fe000000, 0x00000000fe100000, 0x00000000fe100000|100%| E|CS|TAMS 0x00000000fe000000| PB 0x00000000fe000000| Complete 
|2017|0x00000000fe100000, 0x00000000fe200000, 0x00000000fe200000|100%| E|CS|TAMS 0x00000000fe100000| PB 0x00000000fe100000| Complete 
|2018|0x00000000fe200000, 0x00000000fe300000, 0x00000000fe300000|100%| E|CS|TAMS 0x00000000fe200000| PB 0x00000000fe200000| Complete 
|2019|0x00000000fe300000, 0x00000000fe400000, 0x00000000fe400000|100%| E|CS|TAMS 0x00000000fe300000| PB 0x00000000fe300000| Complete 
|2020|0x00000000fe400000, 0x00000000fe500000, 0x00000000fe500000|100%| E|CS|TAMS 0x00000000fe400000| PB 0x00000000fe400000| Complete 
|2021|0x00000000fe500000, 0x00000000fe600000, 0x00000000fe600000|100%| E|CS|TAMS 0x00000000fe500000| PB 0x00000000fe500000| Complete 
|2022|0x00000000fe600000, 0x00000000fe700000, 0x00000000fe700000|100%| E|CS|TAMS 0x00000000fe600000| PB 0x00000000fe600000| Complete 
|2023|0x00000000fe700000, 0x00000000fe800000, 0x00000000fe800000|100%| E|CS|TAMS 0x00000000fe700000| PB 0x00000000fe700000| Complete 
|2024|0x00000000fe800000, 0x00000000fe900000, 0x00000000fe900000|100%| E|CS|TAMS 0x00000000fe800000| PB 0x00000000fe800000| Complete 
|2025|0x00000000fe900000, 0x00000000fea00000, 0x00000000fea00000|100%| E|CS|TAMS 0x00000000fe900000| PB 0x00000000fe900000| Complete 
|2026|0x00000000fea00000, 0x00000000feb00000, 0x00000000feb00000|100%| E|CS|TAMS 0x00000000fea00000| PB 0x00000000fea00000| Complete 
|2027|0x00000000feb00000, 0x00000000fec00000, 0x00000000fec00000|100%| E|CS|TAMS 0x00000000feb00000| PB 0x00000000feb00000| Complete 
|2028|0x00000000fec00000, 0x00000000fed00000, 0x00000000fed00000|100%| E|CS|TAMS 0x00000000fec00000| PB 0x00000000fec00000| Complete 
|2029|0x00000000fed00000, 0x00000000fee00000, 0x00000000fee00000|100%| E|CS|TAMS 0x00000000fed00000| PB 0x00000000fed00000| Complete 
|2030|0x00000000fee00000, 0x00000000fef00000, 0x00000000fef00000|100%| E|CS|TAMS 0x00000000fee00000| PB 0x00000000fee00000| Complete 
|2031|0x00000000fef00000, 0x00000000ff000000, 0x00000000ff000000|100%| E|CS|TAMS 0x00000000fef00000| PB 0x00000000fef00000| Complete 
|2032|0x00000000ff000000, 0x00000000ff100000, 0x00000000ff100000|100%| E|CS|TAMS 0x00000000ff000000| PB 0x00000000ff000000| Complete 
|2033|0x00000000ff100000, 0x00000000ff200000, 0x00000000ff200000|100%| E|CS|TAMS 0x00000000ff100000| PB 0x00000000ff100000| Complete 
|2034|0x00000000ff200000, 0x00000000ff300000, 0x00000000ff300000|100%| E|CS|TAMS 0x00000000ff200000| PB 0x00000000ff200000| Complete 
|2035|0x00000000ff300000, 0x00000000ff400000, 0x00000000ff400000|100%| E|CS|TAMS 0x00000000ff300000| PB 0x00000000ff300000| Complete 
|2036|0x00000000ff400000, 0x00000000ff500000, 0x00000000ff500000|100%| E|CS|TAMS 0x00000000ff400000| PB 0x00000000ff400000| Complete 
|2037|0x00000000ff500000, 0x00000000ff600000, 0x00000000ff600000|100%| E|CS|TAMS 0x00000000ff500000| PB 0x00000000ff500000| Complete 
|2038|0x00000000ff600000, 0x00000000ff700000, 0x00000000ff700000|100%| E|CS|TAMS 0x00000000ff600000| PB 0x00000000ff600000| Complete 
|2039|0x00000000ff700000, 0x00000000ff800000, 0x00000000ff800000|100%| E|CS|TAMS 0x00000000ff700000| PB 0x00000000ff700000| Complete 
|2040|0x00000000ff800000, 0x00000000ff900000, 0x00000000ff900000|100%| E|CS|TAMS 0x00000000ff800000| PB 0x00000000ff800000| Complete 
|2041|0x00000000ff900000, 0x00000000ffa00000, 0x00000000ffa00000|100%| E|CS|TAMS 0x00000000ff900000| PB 0x00000000ff900000| Complete 
|2042|0x00000000ffa00000, 0x00000000ffb00000, 0x00000000ffb00000|100%| E|CS|TAMS 0x00000000ffa00000| PB 0x00000000ffa00000| Complete 
|2043|0x00000000ffb00000, 0x00000000ffc00000, 0x00000000ffc00000|100%| E|CS|TAMS 0x00000000ffb00000| PB 0x00000000ffb00000| Complete 
|2044|0x00000000ffc00000, 0x00000000ffd00000, 0x00000000ffd00000|100%| O|  |TAMS 0x00000000ffc00000| PB 0x00000000ffc00000| Untracked 
|2045|0x00000000ffd00000, 0x00000000ffe00000, 0x00000000ffe00000|100%| O|  |TAMS 0x00000000ffd00000| PB 0x00000000ffd00000| Untracked 
|2046|0x00000000ffe00000, 0x00000000fff00000, 0x00000000fff00000|100%| O|  |TAMS 0x00000000ffe00000| PB 0x00000000ffe00000| Untracked 
|2047|0x00000000fff00000, 0x0000000100000000, 0x0000000100000000|100%| O|  |TAMS 0x00000000fff00000| PB 0x00000000fff00000| Untracked 

Card table byte_map: [0x000001fec3890000,0x000001fec3c90000] _byte_map_base: 0x000001fec3490000

Marking Bits: (CMBitMap*) 0x000001feabae7020
 Bits: [0x000001fec3c90000, 0x000001fec5c90000)

Polling page: 0x000001fea9990000

Metaspace:

Usage:
  Non-class:    176.24 MB used.
      Class:     25.17 MB used.
       Both:    201.41 MB used.

Virtual space:
  Non-class space:      192.00 MB reserved,     178.06 MB ( 93%) committed,  3 nodes.
      Class space:      416.00 MB reserved,      26.88 MB (  6%) committed,  1 nodes.
             Both:      608.00 MB reserved,     204.94 MB ( 34%) committed. 

Chunk freelists:
   Non-Class:  13.74 MB
       Class:  5.09 MB
        Both:  18.83 MB

MaxMetaspaceSize: 512.00 MB
CompressedClassSpaceSize: 416.00 MB
Initial GC threshold: 21.00 MB
Current GC threshold: 341.50 MB
CDS: on
 - commit_granule_bytes: 65536.
 - commit_granule_words: 8192.
 - virtual_space_node_default_size: 8388608.
 - enlarge_chunks_in_place: 1.
 - use_allocation_guard: 0.


Internal statistics:

num_allocs_failed_limit: 12.
num_arena_births: 5640.
num_arena_deaths: 40.
num_vsnodes_births: 4.
num_vsnodes_deaths: 0.
num_space_committed: 3277.
num_space_uncommitted: 0.
num_chunks_returned_to_freelist: 133.
num_chunks_taken_from_freelist: 14415.
num_chunk_merges: 27.
num_chunk_splits: 10015.
num_chunks_enlarged: 6978.
num_inconsistent_stats: 0.

CodeHeap 'non-profiled nmethods': size=120000Kb used=21227Kb max_used=21227Kb free=98772Kb
 bounds [0x000001febba10000, 0x000001febcef0000, 0x000001fec2f40000]
CodeHeap 'profiled nmethods': size=120000Kb used=37606Kb max_used=51924Kb free=82394Kb
 bounds [0x000001feb3f40000, 0x000001feb7200000, 0x000001febb470000]
CodeHeap 'non-nmethods': size=5760Kb used=3309Kb max_used=3387Kb free=2450Kb
 bounds [0x000001febb470000, 0x000001febb7d0000, 0x000001febba10000]
 total_blobs=20356 nmethods=19063 adapters=1194
 compilation: enabled
              stopped_count=0, restarted_count=0
 full_count=0

Compilation events (20 events):
Event: 538.201 Thread 0x000001feff9ba320 nmethod 43892 0x000001febcd9be90 code [0x000001febcd9c0a0, 0x000001febcd9c578]
Event: 538.201 Thread 0x000001feff9ba320 43893       4       org.gradle.api.internal.changedetection.state.FallbackHandlingResourceHasher$$Lambda/0x000001feca6968a0::get (12 bytes)
Event: 538.201 Thread 0x000001fec89116c0 43895       3       java.security.AccessControlContext::calculateFields (89 bytes)
Event: 538.202 Thread 0x000001fec89116c0 nmethod 43895 0x000001feb46fd910 code [0x000001feb46fdae0, 0x000001feb46fdf00]
Event: 538.205 Thread 0x000001feff9ba9f0 nmethod 43891 0x000001febc5ea490 code [0x000001febc5ea700, 0x000001febc5eb068]
Event: 538.206 Thread 0x000001feff9ba9f0 43888   !   4       org.gradle.internal.snapshot.FileSystemLeafSnapshot::accept (36 bytes)
Event: 538.209 Thread 0x000001feff9ba320 nmethod 43893 0x000001febcb43590 code [0x000001febcb437c0, 0x000001febcb43df0]
Event: 538.210 Thread 0x000001feff9ba320 43889       4       org.gradle.internal.snapshot.RegularFileSnapshot::accept (8 bytes)
Event: 538.272 Thread 0x000001fec89116c0 43896       3       sun.net.util.IPAddressUtil::parseAsciiDigit (63 bytes)
Event: 538.273 Thread 0x000001fec89116c0 nmethod 43896 0x000001feb430da90 code [0x000001feb430dca0, 0x000001feb430e178]
Event: 538.298 Thread 0x000001fec89116c0 43897       3       java.math.BigInteger::mod (41 bytes)
Event: 538.300 Thread 0x000001fec89116c0 nmethod 43897 0x000001feb50c7790 code [0x000001feb50c7980, 0x000001feb50c7cb0]
Event: 538.300 Thread 0x000001fec89116c0 43898       3       java.math.BigInteger::remainder (38 bytes)
Event: 538.301 Thread 0x000001fec89116c0 nmethod 43898 0x000001feb4210790 code [0x000001feb4210960, 0x000001feb4210c10]
Event: 538.314 Thread 0x000001fec890ccf0 nmethod 43887 0x000001febceb7a10 code [0x000001febceb86a0, 0x000001febcec0330]
Event: 538.314 Thread 0x000001fec890ccf0 43890       4       org.gradle.internal.fingerprint.classpath.impl.ClasspathFingerprintingStrategy$ClasspathFingerprintingVisitor$1::visitRegularFile (132 bytes)
Event: 538.392 Thread 0x000001fec89116c0 43901       3       sun.security.ssl.ContentType::values (10 bytes)
Event: 538.392 Thread 0x000001fec89116c0 nmethod 43901 0x000001feb3fb5e90 code [0x000001feb3fb6040, 0x000001feb3fb62e8]
Event: 538.392 Thread 0x000001fec89116c0 43902       3       sun.security.ssl.ContentType::valueOf (39 bytes)
Event: 538.393 Thread 0x000001fec89116c0 nmethod 43902 0x000001feb44ce510 code [0x000001feb44ce6e0, 0x000001feb44ceb18]

GC Heap History (20 events):
Event: 163.097 GC heap before
{Heap before GC invocations=247 (full 0):
 garbage-first heap   total 614400K, used 420338K [0x0000000080000000, 0x0000000100000000)
  region size 1024K, 144 young (147456K), 28 survivors (28672K)
 Metaspace       used 182582K, committed 185536K, reserved 622592K
  class space    used 22518K, committed 24000K, reserved 425984K
}
Event: 163.110 GC heap after
{Heap after GC invocations=248 (full 0):
 garbage-first heap   total 614400K, used 309629K [0x0000000080000000, 0x0000000100000000)
  region size 1024K, 26 young (26624K), 26 survivors (26624K)
 Metaspace       used 182582K, committed 185536K, reserved 622592K
  class space    used 22518K, committed 24000K, reserved 425984K
}
Event: 166.656 GC heap before
{Heap before GC invocations=249 (full 0):
 garbage-first heap   total 614400K, used 557437K [0x0000000080000000, 0x0000000100000000)
  region size 1024K, 267 young (273408K), 26 survivors (26624K)
 Metaspace       used 190843K, committed 193920K, reserved 622592K
  class space    used 23788K, committed 25344K, reserved 425984K
}
Event: 166.669 GC heap after
{Heap after GC invocations=250 (full 0):
 garbage-first heap   total 614400K, used 318127K [0x0000000080000000, 0x0000000100000000)
  region size 1024K, 27 young (27648K), 27 survivors (27648K)
 Metaspace       used 190843K, committed 193920K, reserved 622592K
  class space    used 23788K, committed 25344K, reserved 425984K
}
Event: 168.621 GC heap before
{Heap before GC invocations=250 (full 0):
 garbage-first heap   total 614400K, used 554671K [0x0000000080000000, 0x0000000100000000)
  region size 1024K, 258 young (264192K), 27 survivors (27648K)
 Metaspace       used 193529K, committed 196800K, reserved 622592K
  class space    used 24247K, committed 25856K, reserved 425984K
}
Event: 168.635 GC heap after
{Heap after GC invocations=251 (full 0):
 garbage-first heap   total 614400K, used 324316K [0x0000000080000000, 0x0000000100000000)
  region size 1024K, 24 young (24576K), 24 survivors (24576K)
 Metaspace       used 193529K, committed 196800K, reserved 622592K
  class space    used 24247K, committed 25856K, reserved 425984K
}
Event: 169.760 GC heap before
{Heap before GC invocations=251 (full 0):
 garbage-first heap   total 614400K, used 557788K [0x0000000080000000, 0x0000000100000000)
  region size 1024K, 252 young (258048K), 24 survivors (24576K)
 Metaspace       used 193832K, committed 197184K, reserved 622592K
  class space    used 24281K, committed 25920K, reserved 425984K
}
Event: 169.773 GC heap after
{Heap after GC invocations=252 (full 0):
 garbage-first heap   total 614400K, used 332645K [0x0000000080000000, 0x0000000100000000)
  region size 1024K, 24 young (24576K), 24 survivors (24576K)
 Metaspace       used 193832K, committed 197184K, reserved 622592K
  class space    used 24281K, committed 25920K, reserved 425984K
}
Event: 172.536 GC heap before
{Heap before GC invocations=253 (full 0):
 garbage-first heap   total 680960K, used 554853K [0x0000000080000000, 0x0000000100000000)
  region size 1024K, 241 young (246784K), 24 survivors (24576K)
 Metaspace       used 194620K, committed 197952K, reserved 622592K
  class space    used 24390K, committed 26048K, reserved 425984K
}
Event: 172.551 GC heap after
{Heap after GC invocations=254 (full 0):
 garbage-first heap   total 680960K, used 342318K [0x0000000080000000, 0x0000000100000000)
  region size 1024K, 26 young (26624K), 26 survivors (26624K)
 Metaspace       used 194620K, committed 197952K, reserved 622592K
  class space    used 24390K, committed 26048K, reserved 425984K
}
Event: 174.336 GC heap before
{Heap before GC invocations=254 (full 0):
 garbage-first heap   total 680960K, used 618798K [0x0000000080000000, 0x0000000100000000)
  region size 1024K, 296 young (303104K), 26 survivors (26624K)
 Metaspace       used 194802K, committed 198144K, reserved 622592K
  class space    used 24412K, committed 26048K, reserved 425984K
}
Event: 174.352 GC heap after
{Heap after GC invocations=255 (full 0):
 garbage-first heap   total 680960K, used 347011K [0x0000000080000000, 0x0000000100000000)
  region size 1024K, 24 young (24576K), 24 survivors (24576K)
 Metaspace       used 194802K, committed 198144K, reserved 622592K
  class space    used 24412K, committed 26048K, reserved 425984K
}
Event: 175.434 GC heap before
{Heap before GC invocations=255 (full 0):
 garbage-first heap   total 680960K, used 620419K [0x0000000080000000, 0x0000000100000000)
  region size 1024K, 291 young (297984K), 24 survivors (24576K)
 Metaspace       used 194802K, committed 198144K, reserved 622592K
  class space    used 24412K, committed 26048K, reserved 425984K
}
Event: 175.445 GC heap after
{Heap after GC invocations=256 (full 0):
 garbage-first heap   total 680960K, used 348660K [0x0000000080000000, 0x0000000100000000)
  region size 1024K, 19 young (19456K), 19 survivors (19456K)
 Metaspace       used 194802K, committed 198144K, reserved 622592K
  class space    used 24412K, committed 26048K, reserved 425984K
}
Event: 189.148 GC heap before
{Heap before GC invocations=257 (full 0):
 garbage-first heap   total 680960K, used 628212K [0x0000000080000000, 0x0000000100000000)
  region size 1024K, 290 young (296960K), 19 survivors (19456K)
 Metaspace       used 199935K, committed 203328K, reserved 622592K
  class space    used 25056K, committed 26752K, reserved 425984K
}
Event: 189.161 GC heap after
{Heap after GC invocations=258 (full 0):
 garbage-first heap   total 680960K, used 356340K [0x0000000080000000, 0x0000000100000000)
  region size 1024K, 26 young (26624K), 26 survivors (26624K)
 Metaspace       used 199935K, committed 203328K, reserved 622592K
  class space    used 25056K, committed 26752K, reserved 425984K
}
Event: 458.315 GC heap before
{Heap before GC invocations=258 (full 0):
 garbage-first heap   total 680960K, used 619508K [0x0000000080000000, 0x0000000100000000)
  region size 1024K, 283 young (289792K), 26 survivors (26624K)
 Metaspace       used 203047K, committed 206400K, reserved 622592K
  class space    used 25409K, committed 27072K, reserved 425984K
}
Event: 459.209 GC heap after
{Heap after GC invocations=259 (full 0):
 garbage-first heap   total 680960K, used 373121K [0x0000000080000000, 0x0000000100000000)
  region size 1024K, 34 young (34816K), 34 survivors (34816K)
 Metaspace       used 203047K, committed 206400K, reserved 622592K
  class space    used 25409K, committed 27072K, reserved 425984K
}
Event: 519.749 GC heap before
{Heap before GC invocations=259 (full 0):
 garbage-first heap   total 680960K, used 609665K [0x0000000080000000, 0x0000000100000000)
  region size 1024K, 266 young (272384K), 34 survivors (34816K)
 Metaspace       used 206400K, committed 209792K, reserved 622592K
  class space    used 25815K, committed 27520K, reserved 425984K
}
Event: 520.413 GC heap after
{Heap after GC invocations=260 (full 0):
 garbage-first heap   total 680960K, used 382933K [0x0000000080000000, 0x0000000100000000)
  region size 1024K, 27 young (27648K), 27 survivors (27648K)
 Metaspace       used 206400K, committed 209792K, reserved 622592K
  class space    used 25815K, committed 27520K, reserved 425984K
}

Dll operation events (15 events):
Event: 0.012 Loaded shared library C:\Program Files\Java\jdk-21.0.11\bin\java.dll
Event: 0.037 Loaded shared library C:\Program Files\Java\jdk-21.0.11\bin\jsvml.dll
Event: 0.069 Loaded shared library C:\Program Files\Java\jdk-21.0.11\bin\zip.dll
Event: 0.074 Loaded shared library C:\Program Files\Java\jdk-21.0.11\bin\instrument.dll
Event: 0.080 Loaded shared library C:\Program Files\Java\jdk-21.0.11\bin\net.dll
Event: 0.082 Loaded shared library C:\Program Files\Java\jdk-21.0.11\bin\nio.dll
Event: 0.085 Loaded shared library C:\Program Files\Java\jdk-21.0.11\bin\zip.dll
Event: 0.290 Loaded shared library C:\Program Files\Java\jdk-21.0.11\bin\jimage.dll
Event: 0.391 Loaded shared library C:\Program Files\Java\jdk-21.0.11\bin\verify.dll
Event: 0.515 Loaded shared library C:\Users\Bruno\.gradle\native\c067742578af261105cb4f569cf0c3c89f3d7b1fecec35dd04571415982c5e48\windows-amd64\native-platform.dll
Event: 0.536 Loaded shared library C:\Users\Bruno\.gradle\native\100fb08df4bc3b14c8652ba06237920a3bd2aa13389f12d3474272988ae205f9\windows-amd64\native-platform-file-events.dll
Event: 1.512 Loaded shared library C:\Program Files\Java\jdk-21.0.11\bin\management.dll
Event: 1.514 Loaded shared library C:\Program Files\Java\jdk-21.0.11\bin\management_ext.dll
Event: 1.716 Loaded shared library C:\Program Files\Java\jdk-21.0.11\bin\extnet.dll
Event: 1.875 Loaded shared library C:\Program Files\Java\jdk-21.0.11\bin\sunmscapi.dll

Deoptimization events (20 events):
Event: 478.678 Thread 0x000001fefd2a7c60 Uncommon trap: trap_request=0xffffffde fr.pc=0x000001febcdbc404 relative=0x0000000000000844
Event: 478.678 Thread 0x000001fefd2a7c60 Uncommon trap: reason=class_check action=maybe_recompile pc=0x000001febcdbc404 method=java.util.zip.InflaterInputStream.fill()V @ 19 c2
Event: 478.678 Thread 0x000001fefd2a7c60 DEOPT PACKING pc=0x000001febcdbc404 sp=0x000000bac24f84d0
Event: 478.678 Thread 0x000001fefd2a7c60 DEOPT UNPACKING pc=0x000001febb4c46a2 sp=0x000000bac24f8498 mode 2
Event: 482.249 Thread 0x000001fefd2a7c60 Uncommon trap: trap_request=0xffffffc6 fr.pc=0x000001febce94350 relative=0x00000000000009f0
Event: 482.249 Thread 0x000001fefd2a7c60 Uncommon trap: reason=bimorphic_or_optimized_type_check action=maybe_recompile pc=0x000001febce94350 method=java.io.FilterInputStream.read([BII)I @ 7 c2
Event: 482.249 Thread 0x000001fefd2a7c60 DEOPT PACKING pc=0x000001febce94350 sp=0x000000bac24f8230
Event: 482.255 Thread 0x000001fefd2a7c60 DEOPT UNPACKING pc=0x000001febb4c46a2 sp=0x000000bac24f81e8 mode 2
Event: 482.256 Thread 0x000001fefd2a7c60 Uncommon trap: trap_request=0xffffffc6 fr.pc=0x000001febce94350 relative=0x00000000000009f0
Event: 482.256 Thread 0x000001fefd2a7c60 Uncommon trap: reason=bimorphic_or_optimized_type_check action=maybe_recompile pc=0x000001febce94350 method=java.io.FilterInputStream.read([BII)I @ 7 c2
Event: 482.257 Thread 0x000001fefd2a7c60 DEOPT PACKING pc=0x000001febce94350 sp=0x000000bac24f8230
Event: 482.257 Thread 0x000001fefd2a7c60 DEOPT UNPACKING pc=0x000001febb4c46a2 sp=0x000000bac24f81e8 mode 2
Event: 482.258 Thread 0x000001fefd2a7c60 Uncommon trap: trap_request=0xffffffc6 fr.pc=0x000001febce94350 relative=0x00000000000009f0
Event: 482.258 Thread 0x000001fefd2a7c60 Uncommon trap: reason=bimorphic_or_optimized_type_check action=maybe_recompile pc=0x000001febce94350 method=java.io.FilterInputStream.read([BII)I @ 7 c2
Event: 482.258 Thread 0x000001fefd2a7c60 DEOPT PACKING pc=0x000001febce94350 sp=0x000000bac24f8230
Event: 482.258 Thread 0x000001fefd2a7c60 DEOPT UNPACKING pc=0x000001febb4c46a2 sp=0x000000bac24f81e8 mode 2
Event: 482.263 Thread 0x000001fefd2a7c60 Uncommon trap: trap_request=0xffffffc6 fr.pc=0x000001febce94350 relative=0x00000000000009f0
Event: 482.263 Thread 0x000001fefd2a7c60 Uncommon trap: reason=bimorphic_or_optimized_type_check action=maybe_recompile pc=0x000001febce94350 method=java.io.FilterInputStream.read([BII)I @ 7 c2
Event: 482.263 Thread 0x000001fefd2a7c60 DEOPT PACKING pc=0x000001febce94350 sp=0x000000bac24f8230
Event: 482.263 Thread 0x000001fefd2a7c60 DEOPT UNPACKING pc=0x000001febb4c46a2 sp=0x000000bac24f81e8 mode 2

Classes loaded (20 events):
Event: 178.243 Loading class sun/security/provider/certpath/OCSPResponse$ResponseStatus
Event: 178.243 Loading class sun/security/provider/certpath/OCSPResponse$ResponseStatus done
Event: 178.244 Loading class java/security/cert/CRLReason
Event: 178.244 Loading class java/security/cert/CRLReason done
Event: 178.244 Loading class sun/security/provider/certpath/ResponderId
Event: 178.245 Loading class sun/security/provider/certpath/ResponderId done
Event: 178.245 Loading class sun/security/provider/certpath/ResponderId$Type
Event: 178.245 Loading class sun/security/provider/certpath/ResponderId$Type done
Event: 178.245 Loading class sun/security/provider/certpath/OCSPResponse$SingleResponse
Event: 178.245 Loading class sun/security/provider/certpath/OCSP$RevocationStatus
Event: 178.245 Loading class sun/security/provider/certpath/OCSP$RevocationStatus done
Event: 178.245 Loading class sun/security/provider/certpath/OCSPResponse$SingleResponse done
Event: 178.245 Loading class sun/security/provider/certpath/CertId
Event: 178.246 Loading class sun/security/provider/certpath/CertId done
Event: 178.246 Loading class sun/security/provider/certpath/OCSP$RevocationStatus$CertStatus
Event: 178.247 Loading class sun/security/provider/certpath/OCSP$RevocationStatus$CertStatus done
Event: 178.252 Loading class sun/security/rsa/MGF1
Event: 178.253 Loading class sun/security/rsa/MGF1 done
Event: 462.952 Loading class javax/crypto/NoSuchPaddingException
Event: 462.978 Loading class javax/crypto/NoSuchPaddingException done

Classes unloaded (20 events):
Event: 527.670 Thread 0x000001fec88d68d0 Unloading class 0x000001fecb975740 '_BuildScript_$_run_closure4$_closure9$_closure17'
Event: 527.670 Thread 0x000001fec88d68d0 Unloading class 0x000001fecb975360 '_BuildScript_$_run_closure4$_closure9'
Event: 527.670 Thread 0x000001fec88d68d0 Unloading class 0x000001fecb974f80 '_BuildScript_$_run_closure4$_closure8$_closure15$_closure16'
Event: 527.670 Thread 0x000001fec88d68d0 Unloading class 0x000001fecb974ba0 '_BuildScript_$_run_closure4$_closure8$_closure15'
Event: 527.670 Thread 0x000001fec88d68d0 Unloading class 0x000001fecb9747c0 '_BuildScript_$_run_closure4$_closure8'
Event: 527.670 Thread 0x000001fec88d68d0 Unloading class 0x000001fecb9743e0 '_BuildScript_$_run_closure4'
Event: 527.670 Thread 0x000001fec88d68d0 Unloading class 0x000001fecb974000 '_BuildScript_$_run_closure3'
Event: 527.670 Thread 0x000001fec88d68d0 Unloading class 0x000001fecb973918 '_BuildScript_$_run_closure2'
Event: 527.670 Thread 0x000001fec88d68d0 Unloading class 0x000001fecb973538 '_BuildScript_$_run_closure1'
Event: 527.670 Thread 0x000001fec88d68d0 Unloading class 0x000001fecb973000 '_BuildScript_'
Event: 527.671 Thread 0x000001fec88d68d0 Unloading class 0x000001fecb9717c0 '_BuildScript_$_run_closure1$_closure3'
Event: 527.671 Thread 0x000001fec88d68d0 Unloading class 0x000001fecb9713e0 '_BuildScript_$_run_closure1$_closure2'
Event: 527.671 Thread 0x000001fec88d68d0 Unloading class 0x000001fecb971000 '_BuildScript_$_run_closure1'
Event: 527.671 Thread 0x000001fec88d68d0 Unloading class 0x000001fecb970800 '_BuildScript_'
Event: 527.672 Thread 0x000001fec88d68d0 Unloading class 0x000001fecb9673e0 '_BuildScript_$_run_closure2$_closure3$_closure5'
Event: 527.672 Thread 0x000001fec88d68d0 Unloading class 0x000001fecb967000 '_BuildScript_$_run_closure2$_closure3$_closure4'
Event: 527.672 Thread 0x000001fec88d68d0 Unloading class 0x000001fecb965c00 '_BuildScript_$_run_closure2$_closure3'
Event: 527.672 Thread 0x000001fec88d68d0 Unloading class 0x000001fecb9668f8 '_BuildScript_$_run_closure2'
Event: 527.672 Thread 0x000001fec88d68d0 Unloading class 0x000001fecb966518 '_BuildScript_$_run_closure1'
Event: 527.672 Thread 0x000001fec88d68d0 Unloading class 0x000001fecb966000 '_BuildScript_'

Classes redefined (0 events):
No events

Internal exceptions (20 events):
Event: 306.938 Thread 0x000001fee9a256a0 Implicit null exception at 0x000001febc7dc543 to 0x000001febc7dc950
Event: 427.427 Thread 0x000001fee9a256a0 Implicit null exception at 0x000001febc572e48 to 0x000001febc573474
Event: 428.286 Thread 0x000001fee9a256a0 Implicit null exception at 0x000001febc56c808 to 0x000001febc56ce3c
Event: 429.237 Thread 0x000001fee9a256a0 Implicit null exception at 0x000001febc56b152 to 0x000001febc56b3b0
Event: 432.880 Thread 0x000001fee9a256a0 Exception <a 'java/lang/ClassNotFoundException'{0x000000009e9f3ce8}: org/gradle/api/tasks/Exec_DecoratedBeanInfo> (0x000000009e9f3ce8) 
thrown [s\open\src\hotspot\share\classfile\systemDictionary.cpp, line 313]
Event: 432.932 Thread 0x000001fee9a256a0 Exception <a 'java/lang/ClassNotFoundException'{0x000000009e9fe250}: org/gradle/api/tasks/ExecBeanInfo> (0x000000009e9fe250) 
thrown [s\open\src\hotspot\share\classfile\systemDictionary.cpp, line 313]
Event: 432.953 Thread 0x000001fee9a256a0 Exception <a 'java/lang/ClassNotFoundException'{0x000000009e80bf68}: org/gradle/api/tasks/AbstractExecTaskBeanInfo> (0x000000009e80bf68) 
thrown [s\open\src\hotspot\share\classfile\systemDictionary.cpp, line 313]
Event: 432.974 Thread 0x000001fee9a256a0 Exception <a 'java/lang/ClassNotFoundException'{0x000000009e8165f0}: org/gradle/api/internal/ConventionTaskBeanInfo> (0x000000009e8165f0) 
thrown [s\open\src\hotspot\share\classfile\systemDictionary.cpp, line 313]
Event: 432.995 Thread 0x000001fee9a256a0 Exception <a 'java/lang/ClassNotFoundException'{0x000000009e820ce8}: org/gradle/api/internal/ConventionTaskCustomizer> (0x000000009e820ce8) 
thrown [s\open\src\hotspot\share\classfile\systemDictionary.cpp, line 313]
Event: 433.238 Thread 0x000001fee9a256a0 Exception <a 'java/lang/ClassNotFoundException'{0x000000009e83a650}: org/gradle/api/tasks/AbstractExecTaskCustomizer> (0x000000009e83a650) 
thrown [s\open\src\hotspot\share\classfile\systemDictionary.cpp, line 313]
Event: 433.283 Thread 0x000001fee9a256a0 Exception <a 'java/lang/ClassNotFoundException'{0x000000009e87d0a0}: org/gradle/api/tasks/ExecCustomizer> (0x000000009e87d0a0) 
thrown [s\open\src\hotspot\share\classfile\systemDictionary.cpp, line 313]
Event: 433.298 Thread 0x000001fee9a256a0 Exception <a 'java/lang/ClassNotFoundException'{0x000000009e89ae18}: org/gradle/api/tasks/Exec_DecoratedCustomizer> (0x000000009e89ae18) 
thrown [s\open\src\hotspot\share\classfile\systemDictionary.cpp, line 313]
Event: 434.772 Thread 0x000001fee9a256a0 Exception <a 'java/lang/ClassNotFoundException'{0x000000009e764de8}: org/apache/tools/ant/taskdefs/condition/OsBeanInfo> (0x000000009e764de8) 
thrown [s\open\src\hotspot\share\classfile\systemDictionary.cpp, line 313]
Event: 434.781 Thread 0x000001fee9a256a0 Exception <a 'java/lang/ClassNotFoundException'{0x000000009e76ca08}: org/apache/tools/ant/taskdefs/condition/OsCustomizer> (0x000000009e76ca08) 
thrown [s\open\src\hotspot\share\classfile\systemDictionary.cpp, line 313]
Event: 437.093 Thread 0x000001fee9a256a0 Implicit null exception at 0x000001febc772b2e to 0x000001febc772df0
Event: 438.271 Thread 0x000001fee9a256a0 Exception <a 'sun/nio/fs/WindowsException'{0x000000009dd13908}> (0x000000009dd13908) 
thrown [s\open\src\hotspot\share\prims\jni.cpp, line 520]
Event: 438.296 Thread 0x000001fee9a256a0 Exception <a 'sun/nio/fs/WindowsException'{0x000000009dd14f58}> (0x000000009dd14f58) 
thrown [s\open\src\hotspot\share\prims\jni.cpp, line 520]
Event: 438.296 Thread 0x000001fee9a256a0 Exception <a 'sun/nio/fs/WindowsException'{0x000000009dd165f8}> (0x000000009dd165f8) 
thrown [s\open\src\hotspot\share\prims\jni.cpp, line 520]
Event: 438.296 Thread 0x000001fee9a256a0 Exception <a 'sun/nio/fs/WindowsException'{0x000000009dd17c98}> (0x000000009dd17c98) 
thrown [s\open\src\hotspot\share\prims\jni.cpp, line 520]
Event: 470.409 Thread 0x000001fefd2a7c60 Exception <a 'java/lang/NoSuchMethodError'{0x00000000a48330a0}: static Lcom/android/build/api/variant/BuildConfigField;.<clinit>()V> (0x00000000a48330a0) 
thrown [s\open\src\hotspot\share\prims\jni.cpp, line 1111]

ZGC Phase Switch (0 events):
No events

VM Operations (20 events):
Event: 511.609 Executing VM operation: Cleanup
Event: 511.609 Executing VM operation: Cleanup done
Event: 513.628 Executing VM operation: Cleanup
Event: 513.644 Executing VM operation: Cleanup done
Event: 517.668 Executing VM operation: Cleanup
Event: 517.669 Executing VM operation: Cleanup done
Event: 518.680 Executing VM operation: Cleanup
Event: 518.680 Executing VM operation: Cleanup done
Event: 519.730 Executing VM operation: G1CollectForAllocation (G1 Evacuation Pause)
Event: 520.414 Executing VM operation: G1CollectForAllocation (G1 Evacuation Pause) done
Event: 522.415 Executing VM operation: Cleanup
Event: 522.415 Executing VM operation: Cleanup done
Event: 527.655 Executing VM operation: G1PauseRemark
Event: 531.704 Executing VM operation: G1PauseRemark done
Event: 536.194 Executing VM operation: G1PauseCleanup
Event: 536.224 Executing VM operation: G1PauseCleanup done
Event: 538.240 Executing VM operation: Cleanup
Event: 538.240 Executing VM operation: Cleanup done
Event: 539.254 Executing VM operation: Cleanup
Event: 539.254 Executing VM operation: Cleanup done

Events (20 events):
Event: 531.602 Thread 0x000001fec88d68d0 flushing nmethod 0x000001feb4b9c010
Event: 531.602 Thread 0x000001fec88d68d0 flushing nmethod 0x000001feb4c89410
Event: 531.602 Thread 0x000001fec88d68d0 flushing nmethod 0x000001feb4c95c10
Event: 531.603 Thread 0x000001fec88d68d0 flushing nmethod 0x000001feb50c7790
Event: 531.603 Thread 0x000001fec88d68d0 flushing nmethod 0x000001feb5372c10
Event: 531.603 Thread 0x000001fec88d68d0 flushing nmethod 0x000001feb5373790
Event: 531.603 Thread 0x000001fec88d68d0 flushing nmethod 0x000001feb5377d90
Event: 531.603 Thread 0x000001fec88d68d0 flushing nmethod 0x000001feb537a890
Event: 531.603 Thread 0x000001fec88d68d0 flushing nmethod 0x000001feb54b0510
Event: 531.603 Thread 0x000001fec88d68d0 flushing nmethod 0x000001feb56e0e10
Event: 531.603 Thread 0x000001fec88d68d0 flushing nmethod 0x000001feb5735410
Event: 531.603 Thread 0x000001fec88d68d0 flushing nmethod 0x000001feb5736790
Event: 531.603 Thread 0x000001fec88d68d0 flushing nmethod 0x000001feb59b1890
Event: 531.603 Thread 0x000001fec88d68d0 flushing nmethod 0x000001feb6bbb990
Event: 531.604 Thread 0x000001fec88d68d0 flushing nmethod 0x000001feb6d06010
Event: 534.012 Thread 0x000001fefe2fb730 Thread exited: 0x000001fefe2fb730
Event: 534.012 Thread 0x000001feeb557770 Thread exited: 0x000001feeb557770
Event: 534.012 Thread 0x000001feeb555d30 Thread exited: 0x000001feeb555d30
Event: 538.191 Thread 0x000001feff9ba320 Thread added: 0x000001feff9ba320
Event: 538.191 Thread 0x000001feff9ba9f0 Thread added: 0x000001feff9ba9f0


Dynamic libraries:
0x00007ff6bb830000 - 0x00007ff6bb840000 	C:\Program Files\Java\jdk-21.0.11\bin\java.exe
0x00007ffbf05a0000 - 0x00007ffbf0806000 	C:\WINDOWS\SYSTEM32\ntdll.dll
0x00007ffbef8d0000 - 0x00007ffbef999000 	C:\WINDOWS\System32\KERNEL32.DLL
0x00007ffbedb90000 - 0x00007ffbedf8e000 	C:\WINDOWS\System32\KERNELBASE.dll
0x00007ffbed870000 - 0x00007ffbed9bc000 	C:\WINDOWS\System32\ucrtbase.dll
0x00007ffbc84d0000 - 0x00007ffbc84ee000 	C:\Program Files\Java\jdk-21.0.11\bin\VCRUNTIME140.dll
0x00007ffbdcd70000 - 0x00007ffbdcd89000 	C:\Program Files\Java\jdk-21.0.11\bin\jli.dll
0x00007ffbee430000 - 0x00007ffbee4e7000 	C:\WINDOWS\System32\ADVAPI32.dll
0x00007ffbef820000 - 0x00007ffbef8c9000 	C:\WINDOWS\System32\msvcrt.dll
0x00007ffbef100000 - 0x00007ffbef1aa000 	C:\WINDOWS\System32\sechost.dll
0x00007ffbef1d0000 - 0x00007ffbef2e8000 	C:\WINDOWS\System32\RPCRT4.dll
0x00007ffbef460000 - 0x00007ffbef627000 	C:\WINDOWS\System32\USER32.dll
0x00007ffbd51c0000 - 0x00007ffbd5452000 	C:\WINDOWS\WinSxS\amd64_microsoft.windows.common-controls_6595b64144ccf1df_6.0.26100.8875_none_3e0d5d42e32fe9dd\COMCTL32.dll
0x00007ffbee120000 - 0x00007ffbee147000 	C:\WINDOWS\System32\win32u.dll
0x00007ffbf00a0000 - 0x00007ffbf00cb000 	C:\WINDOWS\System32\GDI32.dll
0x00007ffbed9d0000 - 0x00007ffbedafa000 	C:\WINDOWS\System32\gdi32full.dll
0x00007ffbed7c0000 - 0x00007ffbed863000 	C:\WINDOWS\System32\msvcp_win.dll
0x00007ffbe6920000 - 0x00007ffbe692b000 	C:\WINDOWS\SYSTEM32\VERSION.dll
0x00007ffbefcd0000 - 0x00007ffbefd02000 	C:\WINDOWS\System32\IMM32.DLL
0x00007ffbdd1d0000 - 0x00007ffbdd1dc000 	C:\Program Files\Java\jdk-21.0.11\bin\vcruntime140_1.dll
0x00007ffb7fc30000 - 0x00007ffb7fcbd000 	C:\Program Files\Java\jdk-21.0.11\bin\msvcp140.dll
0x00007ffad5b70000 - 0x00007ffad6898000 	C:\Program Files\Java\jdk-21.0.11\bin\server\jvm.dll
0x00007ffbee5f0000 - 0x00007ffbee670000 	C:\WINDOWS\System32\WS2_32.dll
0x00007ffbed620000 - 0x00007ffbed67e000 	C:\WINDOWS\SYSTEM32\POWRPROF.dll
0x00007ffbde750000 - 0x00007ffbde786000 	C:\WINDOWS\SYSTEM32\WINMM.dll
0x00007ffbed550000 - 0x00007ffbed564000 	C:\WINDOWS\SYSTEM32\UMPDC.dll
0x00007ffbec460000 - 0x00007ffbec47b000 	C:\WINDOWS\SYSTEM32\kernel.appcore.dll
0x00007ffbd0320000 - 0x00007ffbd032a000 	C:\Program Files\Java\jdk-21.0.11\bin\jimage.dll
0x00007ffbd5c50000 - 0x00007ffbd5e92000 	C:\WINDOWS\SYSTEM32\DBGHELP.DLL
0x00007ffbefd10000 - 0x00007ffbf0093000 	C:\WINDOWS\System32\combase.dll
0x00007ffbeef80000 - 0x00007ffbef059000 	C:\WINDOWS\System32\OLEAUT32.dll
0x00007ffbc5bd0000 - 0x00007ffbc5c0b000 	C:\WINDOWS\SYSTEM32\dbgcore.DLL
0x00007ffbee060000 - 0x00007ffbee10c000 	C:\WINDOWS\System32\bcryptPrimitives.dll
0x00007ffbdcec0000 - 0x00007ffbdced0000 	C:\Program Files\Java\jdk-21.0.11\bin\instrument.dll
0x00007ffbb4220000 - 0x00007ffbb4241000 	C:\Program Files\Java\jdk-21.0.11\bin\java.dll
0x00007ffbee720000 - 0x00007ffbeeeb2000 	C:\WINDOWS\System32\SHELL32.dll
0x00007ffbeb240000 - 0x00007ffbebad2000 	C:\WINDOWS\SYSTEM32\windows.storage.dll
0x00007ffbee2d0000 - 0x00007ffbee3c7000 	C:\WINDOWS\System32\SHCORE.dll
0x00007ffbefac0000 - 0x00007ffbefb27000 	C:\WINDOWS\System32\shlwapi.dll
0x00007ffbed6e0000 - 0x00007ffbed709000 	C:\WINDOWS\SYSTEM32\profapi.dll
0x00007ffb7e380000 - 0x00007ffb7e457000 	C:\Program Files\Java\jdk-21.0.11\bin\jsvml.dll
0x00007ffbb40b0000 - 0x00007ffbb40c8000 	C:\Program Files\Java\jdk-21.0.11\bin\zip.dll
0x00007ffbc84b0000 - 0x00007ffbc84c1000 	C:\Program Files\Java\jdk-21.0.11\bin\net.dll
0x00007ffbe74b0000 - 0x00007ffbe75d7000 	C:\WINDOWS\SYSTEM32\WINHTTP.dll
0x00007ffbec9f0000 - 0x00007ffbeca5c000 	C:\WINDOWS\system32\mswsock.dll
0x00007ffbb4200000 - 0x00007ffbb4216000 	C:\Program Files\Java\jdk-21.0.11\bin\nio.dll
0x00007ffbcad30000 - 0x00007ffbcad40000 	C:\Program Files\Java\jdk-21.0.11\bin\verify.dll
0x00007ffbc9640000 - 0x00007ffbc9667000 	C:\Users\Bruno\.gradle\native\c067742578af261105cb4f569cf0c3c89f3d7b1fecec35dd04571415982c5e48\windows-amd64\native-platform.dll
0x00007ffb7e470000 - 0x00007ffb7e5b4000 	C:\Users\Bruno\.gradle\native\100fb08df4bc3b14c8652ba06237920a3bd2aa13389f12d3474272988ae205f9\windows-amd64\native-platform-file-events.dll
0x00007ffbdd1f0000 - 0x00007ffbdd1fa000 	C:\Program Files\Java\jdk-21.0.11\bin\management.dll
0x00007ffbdd1e0000 - 0x00007ffbdd1ec000 	C:\Program Files\Java\jdk-21.0.11\bin\management_ext.dll
0x00007ffbee710000 - 0x00007ffbee718000 	C:\WINDOWS\System32\PSAPI.DLL
0x00007ffbece20000 - 0x00007ffbece3b000 	C:\WINDOWS\SYSTEM32\CRYPTSP.dll
0x00007ffbec3c0000 - 0x00007ffbec3f9000 	C:\WINDOWS\system32\rsaenh.dll
0x00007ffbecab0000 - 0x00007ffbecae2000 	C:\WINDOWS\SYSTEM32\USERENV.dll
0x00007ffbed6b0000 - 0x00007ffbed6da000 	C:\WINDOWS\SYSTEM32\bcrypt.dll
0x00007ffbecc60000 - 0x00007ffbecc6c000 	C:\WINDOWS\SYSTEM32\CRYPTBASE.dll
0x00007ffbebe10000 - 0x00007ffbebe43000 	C:\WINDOWS\SYSTEM32\IPHLPAPI.DLL
0x00007ffbef0f0000 - 0x00007ffbef0fa000 	C:\WINDOWS\System32\NSI.dll
0x00007ffbc97a0000 - 0x00007ffbc97a9000 	C:\Program Files\Java\jdk-21.0.11\bin\extnet.dll
0x00007ffbc97d0000 - 0x00007ffbc97de000 	C:\Program Files\Java\jdk-21.0.11\bin\sunmscapi.dll
0x00007ffbee150000 - 0x00007ffbee2c8000 	C:\WINDOWS\System32\CRYPT32.dll
0x00007ffbecf90000 - 0x00007ffbecfc0000 	C:\WINDOWS\SYSTEM32\ncrypt.dll
0x00007ffbecf40000 - 0x00007ffbecf7f000 	C:\WINDOWS\SYSTEM32\NTASN1.dll
0x00007ffbc99b0000 - 0x00007ffbc99b8000 	C:\WINDOWS\system32\wshunix.dll
0x00007ffbebe50000 - 0x00007ffbebfa6000 	C:\WINDOWS\SYSTEM32\DNSAPI.dll
0x00007ffbec7f0000 - 0x00007ffbec7fd000 	C:\WINDOWS\SYSTEM32\DSPARSE.dll
0x00007ffbe0a60000 - 0x00007ffbe0a6b000 	C:\Windows\System32\rasadhlp.dll
0x00007ffbe6930000 - 0x00007ffbe69b6000 	C:\WINDOWS\System32\fwpuclnt.dll
0x00007ffbd15e0000 - 0x00007ffbd15f8000 	C:\WINDOWS\system32\napinsp.dll
0x00007ffbd06b0000 - 0x00007ffbd06c3000 	C:\WINDOWS\System32\winrnr.dll
0x00007ffbd02b0000 - 0x00007ffbd02d2000 	C:\WINDOWS\system32\nlansp_c.dll
0x00007ffbbfbd0000 - 0x00007ffbbfbe6000 	C:\WINDOWS\system32\wshbth.dll
0x00007ffbea650000 - 0x00007ffbea6f0000 	C:\WINDOWS\system32\apphelp.dll
0x00007ffbec590000 - 0x00007ffbec5c6000 	C:\WINDOWS\SYSTEM32\ntmarta.dll

dbghelp: loaded successfully - version: 4.0.5 - missing functions: none
symbol engine: initialized successfully - sym options: 0x614 - pdb path: .;C:\Program Files\Java\jdk-21.0.11\bin;C:\WINDOWS\SYSTEM32;C:\WINDOWS\WinSxS\amd64_microsoft.windows.common-controls_6595b64144ccf1df_6.0.26100.8875_none_3e0d5d42e32fe9dd;C:\Program Files\Java\jdk-21.0.11\bin\server;C:\Users\Bruno\.gradle\native\c067742578af261105cb4f569cf0c3c89f3d7b1fecec35dd04571415982c5e48\windows-amd64;C:\Users\Bruno\.gradle\native\100fb08df4bc3b14c8652ba06237920a3bd2aa13389f12d3474272988ae205f9\windows-amd64

VM Arguments:
jvm_args: -XX:MaxMetaspaceSize=512m --add-opens=java.base/java.util=ALL-UNNAMED --add-opens=java.base/java.lang=ALL-UNNAMED --add-opens=java.base/java.lang.invoke=ALL-UNNAMED --add-opens=java.prefs/java.util.prefs=ALL-UNNAMED --add-exports=jdk.compiler/com.sun.tools.javac.api=ALL-UNNAMED --add-exports=jdk.compiler/com.sun.tools.javac.util=ALL-UNNAMED --add-opens=java.base/java.nio.charset=ALL-UNNAMED --add-opens=java.base/java.net=ALL-UNNAMED --add-opens=java.base/java.util.concurrent.atomic=ALL-UNNAMED -Xmx2048m -Dfile.encoding=UTF-8 -Duser.country=BR -Duser.language=pt -Duser.variant -javaagent:C:\Users\Bruno\.gradle\wrapper\dists\gradle-8.10.2-all\7iv73wktx1xtkvlq19urqw1wm\gradle-8.10.2\lib\agents\gradle-instrumentation-agent-8.10.2.jar 
java_command: org.gradle.launcher.daemon.bootstrap.GradleDaemon 8.10.2
java_class_path (initial): C:\Users\Bruno\.gradle\wrapper\dists\gradle-8.10.2-all\7iv73wktx1xtkvlq19urqw1wm\gradle-8.10.2\lib\gradle-daemon-main-8.10.2.jar
Launcher Type: SUN_STANDARD

[Global flags]
     intx CICompilerCount                          = 4                                         {product} {ergonomic}
   size_t CompressedClassSpaceSize                 = 436207616                                 {product} {ergonomic}
     uint ConcGCThreads                            = 3                                         {product} {ergonomic}
     uint G1ConcRefinementThreads                  = 10                                        {product} {ergonomic}
   size_t G1HeapRegionSize                         = 1048576                                   {product} {ergonomic}
    uintx GCDrainStackTargetSize                   = 64                                        {product} {ergonomic}
   size_t InitialHeapSize                          = 268435456                                 {product} {ergonomic}
   size_t MarkStackSize                            = 4194304                                   {product} {ergonomic}
   size_t MaxHeapSize                              = 2147483648                                {product} {command line}
   size_t MaxMetaspaceSize                         = 536870912                                 {product} {command line}
   size_t MaxNewSize                               = 1287651328                                {product} {ergonomic}
   size_t MinHeapDeltaBytes                        = 1048576                                   {product} {ergonomic}
   size_t MinHeapSize                              = 8388608                                   {product} {ergonomic}
    uintx NonNMethodCodeHeapSize                   = 5839372                                {pd product} {ergonomic}
    uintx NonProfiledCodeHeapSize                  = 122909434                              {pd product} {ergonomic}
    uintx ProfiledCodeHeapSize                     = 122909434                              {pd product} {ergonomic}
    uintx ReservedCodeCacheSize                    = 251658240                              {pd product} {ergonomic}
     bool SegmentedCodeCache                       = true                                      {product} {ergonomic}
   size_t SoftMaxHeapSize                          = 2147483648                             {manageable} {ergonomic}
     bool UseCompressedOops                        = true                           {product lp64_product} {ergonomic}
     bool UseG1GC                                  = true                                      {product} {ergonomic}
     bool UseLargePagesIndividualAllocation        = false                                  {pd product} {ergonomic}

Logging:
Log output configuration:
 #0: stdout all=warning uptime,level,tags foldmultilines=false
 #1: stderr all=off uptime,level,tags foldmultilines=false

Environment Variables:
CLASSPATH=C:\Users\Bruno\Documents\projetos\project-tvtime\mobile\android\\gradle\wrapper\gradle-wrapper.jar
PATH=C:\Users\Bruno\.codex\tmp\arg0\codex-arg0WXl95V;C:\Program Files\Common Files\Oracle\Java\javapath;C:\Program Files (x86)\Common Files\Oracle\Java\javapath;C:\WINDOWS\system32;C:\WINDOWS;C:\WINDOWS\System32\Wbem;C:\WINDOWS\System32\WindowsPowerShell\v1.0\;C:\WINDOWS\System32\OpenSSH\;C:\Program Files\NVIDIA Corporation\NVIDIA App\NvDLISR;C:\Program Files (x86)\NVIDIA Corporation\PhysX\Common;C:\Program Files\dotnet\;C:\Program Files\Docker\Docker\resources\bin;C:\Program Files\nodejs\;C:\ProgramData\chocolatey\bin;C:\Program Files\Git\cmd;C:\Users\Bruno\AppData\Local\agy\bin;C:\Users\Bruno\AppData\Local\Microsoft\WindowsApps;C:\Users\Bruno\AppData\Local\Programs\Microsoft VS Code\bin;C:\Users\Bruno\AppData\Roaming\npm;C:\Users\Bruno\AppData\Local\Programs\Antigravity\bin;C:\Users\Bruno\AppData\Local\Programs\Antigravity IDE\bin;C:\Users\Bruno\AppData\Local\Programs\Ollama;;C:\tools\dart-sdk\bin;C:\Users\Bruno\AppData\Local\Pub\Cache\bin;C:\tools\flutter\bin;c:\Users\Bruno\.vscode\extensions\openai.chatgpt-26.727.40816-win32-x64\bin\windows-x86_64
USERNAME=Bruno
OS=Windows_NT
PROCESSOR_IDENTIFIER=Intel64 Family 6 Model 165 Stepping 5, GenuineIntel
TMP=C:\Users\Bruno\AppData\Local\Temp
TEMP=C:\Users\Bruno\AppData\Local\Temp




Periodic native trim disabled

---------------  S Y S T E M  ---------------

OS:
 Windows 11 , 64 bit Build 26100 (10.0.26100.8875)
OS uptime: 7 days 6:23 hours
Hyper-V role detected

CPU: total 12 (initial active 12) (6 cores per cpu, 2 threads per core) family 6 model 165 stepping 5 microcode 0xe2, cx8, cmov, fxsr, ht, mmx, 3dnowpref, sse, sse2, sse3, ssse3, sse4.1, sse4.2, popcnt, lzcnt, tsc, tscinvbit, avx, avx2, aes, erms, clmul, bmi1, bmi2, adx, fma, vzeroupper, clflush, clflushopt, hv, rdtscp, f16c
Processor Information for all 12 processors :
  Max Mhz: 2904, Current Mhz: 2904, Mhz Limit: 2904

Memory: 4k page, system-wide physical 16290M (1031M free)
TotalPageFile size 65442M (AvailPageFile size 3M)
current process WorkingSet (physical memory assigned to process): 904M, peak: 1081M
current process commit charge ("private bytes"): 1242M, peak: 1255M

vm_info: Java HotSpot(TM) 64-Bit Server VM (21.0.11+9-LTS-211) for windows-amd64 JRE (21.0.11+9-LTS-211), built on 2026-03-11T00:23:15Z by "mach5run" with MS VC++ 17.13 (VS2022)

END.
